employee_id,first_name,last_name,age,department,salary
1,Dean,Reed,27,HR,87189
2,Abby,White,51,Marketing,92872
3,Kyle,Green,36,Marketing,70310
4,Jill,Brown,27,Finance,118607
5,David,King,36,Engineering,106411
6,Charlie,Cooper,35,Engineering,106718
7,Will,Bell,56,Engineering,92891
8,Vin,King,50,Marketing,90525
9,Grace,Campbell,36,Engineering,61058
10,Abby,Williams,47,Finance,115714
11,Finn,Miller,30,Engineering,80747
12,Vin,Martinez,24,Engineering,60133
13,Abby,Collins,38,Sales,70752
14,Dina,Johnson,58,Marketing,72286
15,Elle,Morris,39,Engineering,88065
16,Uma,Nelson,24,Sales,95656
17,Vera,Young,37,Finance,80072
18,Paul,Lopez,53,Marketing,99090
19,Vera,Rogers,30,HR,117992
20,Elle,Clark,30,Marketing,62242
21,Sue,Baker,55,HR,73157
22,Nina,Murphy,58,Engineering,79613
23,Ian,Adams,35,Sales,90401
24,Ian,Miller,27,HR,65841
25,Jill,Cook,26,HR,70487
26,Wendy,Edwards,27,Marketing,101535
27,Wendy,Wilson,36,Sales,64623
28,Ben,Wright,40,Finance,118901
29,Zoe,Lopez,48,HR,92781
30,Xander,Rogers,22,Marketing,102747
31,Elle,Morris,24,HR,60324
32,Tina,Morris,36,Engineering,110414
33,Cara,Jones,27,Sales,102839
34,Ian,Parker,48,HR,100761
35,Usha,Rogers,23,HR,72621
36,Rita,Martin,43,Sales,64474
37,Adam,Adams,59,Finance,113051
38,Finn,Lee,47,Marketing,77599
39,Cara,Wilson,45,Sales,72851
40,Liam,Jones,37,Finance,69436
41,Yara,Murphy,48,HR,93942
42,Hugo,Hall,55,Marketing,72906
43,Finn,Young,38,Finance,60525
44,Bella,Wright,38,HR,69028
45,Dina,Collins,25,Engineering,63612
46,Xena,Bell,23,Finance,66332
47,Gina,King,24,Engineering,95543
48,Liam,Cook,40,Marketing,108630
49,Hugo,Smith,31,Engineering,61543
50,Mona,Rivera,25,Finance,96260
51,Max,Moore,30,Marketing,106177
52,Dean,Morgan,51,Sales,94109
53,Mona,Campbell,37,Engineering,80270
54,Ben,Brown,54,Finance,103031
55,Wendy,Jones,42,Marketing,63807
56,Tina,Wilson,23,Sales,67329
57,Frank,Lewis,43,Engineering,97704
58,Bob,Green,34,Marketing,100637
59,Ian,Taylor,22,Engineering,94099
60,Finn,Hall,27,Finance,72545
61,Will,Smith,27,Marketing,73188
62,Ben,Richardson,59,Engineering,75904
63,Faye,Martin,43,HR,98125
64,Liam,Edwards,45,Sales,75408
65,Xena,Sanchez,39,Marketing,77172
66,Zane,Lopez,47,HR,105566
67,Omar,Anderson,42,Finance,95913
68,Nina,King,29,HR,106931
69,Sam,Bell,59,HR,79315
70,Vin,Martin,50,Finance,113191
71,Bob,Wright,51,Finance,98861
72,Alice,Hall,25,Sales,77069
73,Gary,Taylor,25,Finance,88123
74,Dean,Evans,55,Finance,94055
75,Liam,Rivera,41,Marketing,75876
76,Jack,Jones,37,Finance,94707
77,Olivia,Sanchez,52,Sales,107397
78,Xena,Lee,57,HR,108543
79,Alice,Wilson,39,Engineering,101185
80,Vera,Morgan,27,HR,106501
81,Will,Reed,26,Finance,64984
82,Bob,Nelson,34,Marketing,91919
83,Faye,Campbell,25,Sales,87725
84,Hank,Rivera,47,Finance,101911
85,Max,Taylor,49,Sales,101038
86,Cara,Taylor,59,HR,69845
87,Dean,Martinez,47,HR,107939
88,Dina,Brown,33,Finance,60859
89,Pam,Mitchell,51,Sales,78139
90,Yuri,Rivera,60,HR,84098
91,Eli,Perez,39,Engineering,113121
92,Ray,Collins,22,Engineering,83418
93,Bella,Anderson,38,Engineering,101683
94,Yuri,Thomas,41,Marketing,71815
95,Gina,Stewart,23,Finance,88977
96,Uma,Stewart,37,Finance,82809
97,Xena,Miller,42,HR,100109
98,Zoe,Turner,25,Marketing,88339
99,Nate,Martinez,27,Sales,85378
100,Kyle,Green,48,Finance,86421
101,Liam,Carter,35,Finance,88932
102,Usha,Smith,57,Marketing,67962
103,Yara,Martin,30,Engineering,105696
104,Ben,Martin,39,Engineering,104860
105,Ray,Young,33,HR,69809
106,Xander,Martinez,57,Marketing,77951
107,Liz,Sanchez,36,HR,112901
108,Vin,Harris,25,Engineering,92935
109,Ian,Lewis,53,Finance,111028
110,Finn,Sanchez,31,Engineering,86038
111,Ivy,Sanchez,34,Finance,87247
112,Usha,White,41,Engineering,80062
113,Finn,White,51,Sales,84129
114,Zoe,Morgan,53,Sales,64642
115,Nina,Perez,23,Marketing,89949
116,Xander,Parker,55,Sales,90172
117,Faye,Jackson,60,Marketing,68825
118,Bella,Cook,50,Sales,89208
119,Cody,Martinez,30,Marketing,110765
120,Xander,Taylor,29,Finance,62298
121,Ray,Smith,48,HR,65909
122,Will,Martin,55,Engineering,62584
123,Cara,Wilson,53,Sales,105328
124,Grace,Martin,22,HR,102353
125,Iris,Lee,54,Engineering,91201
126,Yuri,Lewis,25,HR,95827
127,Eli,Edwards,47,Marketing,80981
128,Kate,Davis,47,Sales,81801
129,David,Walker,25,Engineering,111514
130,Ray,Anderson,24,Marketing,117373
131,Faye,Hernandez,28,Finance,85605
132,Adam,Richardson,45,Marketing,61024
133,Omar,Martinez,32,Marketing,101438
134,Alice,Thomas,44,Sales,74329
135,Eva,Wilson,28,Marketing,105108
136,Bob,Walker,35,Engineering,102790
137,Liam,Thomas,36,HR,87713
138,Xena,Miller,22,Sales,91190
139,Pam,Wilson,58,HR,117722
140,Quinn,Sanchez,55,HR,72468
141,Ivy,Garcia,31,Engineering,63114
142,Finn,Brown,51,Finance,75276
143,Grace,Brown,47,Engineering,83827
144,Vera,Reed,47,Finance,111089
145,Iris,Morris,59,Finance,95151
146,Adam,Mitchell,38,Engineering,104814
147,Elle,Martinez,32,Finance,110794
148,Vin,Baker,30,Engineering,108220
149,Yara,Thompson,57,Marketing,100659
150,Pam,Garcia,40,Marketing,80217
151,Ray,Lewis,27,Marketing,63459
152,Hank,Williams,51,Engineering,79561
153,Nina,Hernandez,48,Engineering,84400
154,Max,Collins,42,HR,96843
155,Tina,Morris,41,Marketing,66926
156,Bella,Green,29,HR,75076
157,Dean,Hall,27,Sales,77720
158,Adam,Lewis,50,Finance,63992
159,Iris,Morris,42,HR,94884
160,Xena,Murphy,32,Sales,72853
161,Dean,Clark,32,Finance,110895
162,Ted,Scott,40,HR,73954
163,Omar,Brown,42,HR,119263
164,Vera,Morgan,22,Sales,105182
165,Cody,Taylor,39,Engineering,111987
166,Liz,Williams,34,HR,117081
167,Yuri,Evans,55,Engineering,77563
168,Wendy,Miller,22,Finance,95740
169,Grace,Clark,37,HR,85122
170,Hugo,White,60,Engineering,100623
171,Kate,Lee,53,Engineering,115373
172,Tina,Anderson,38,Finance,77497
173,Kate,Collins,45,Engineering,80221
174,Ivy,Reed,51,Marketing,61579
175,Paul,Garcia,43,Finance,73684
176,Jack,Williams,60,Sales,87930
177,Dina,Bell,35,Engineering,114820
178,Zane,Allen,35,HR,61012
179,Kate,Hernandez,43,HR,74616
180,Bella,Smith,23,HR,89972
181,Eva,Carter,36,HR,76378
182,Wendy,Jackson,23,Engineering,92501
183,Adam,Scott,32,Marketing,99730
184,Ivy,Martinez,42,Engineering,106308
185,Ivy,Mitchell,35,HR,107283
186,Cara,Green,46,Marketing,74856
187,Nate,Rivera,36,HR,61606
188,Hope,Baker,57,Engineering,110233
189,Vin,Smith,27,Engineering,63694
190,Bob,Thomas,33,Marketing,114750
191,Gina,Sanchez,46,Marketing,61712
192,Adam,Lee,41,Sales,114195
193,Abby,Stewart,49,HR,103360
194,Gary,Harris,25,Sales,90822
195,Xena,Walker,44,Sales,76203
196,Dean,Thompson,57,Engineering,109617
197,Yara,Evans,57,Marketing,118125
198,Hank,Evans,50,HR,111174
199,Bella,Perez,49,Finance,103294
200,Charlie,Thomas,31,Engineering,60165
201,Xander,Walker,58,Finance,79280
202,Vera,Turner,23,Sales,81877
203,Max,Carter,57,Marketing,91537
204,Usha,Johnson,38,Marketing,64111
205,Vin,Morgan,58,Engineering,79191
206,Vera,Allen,46,Engineering,77800
207,Ray,Martinez,49,Finance,66725
208,Faye,Jones,35,Sales,81448
209,Eli,Richardson,28,HR,68024
210,Finn,Baker,60,Finance,77214
211,Elle,Scott,45,Sales,119011
212,Finn,Lee,23,Sales,86828
213,Quinn,Perez,40,Marketing,110193
214,Finn,Scott,54,HR,79525
215,Paul,Allen,47,Engineering,93133
216,Kate,Turner,38,Marketing,84900
217,Zoe,Murphy,28,Marketing,111215
218,Gary,Thomas,38,Finance,103167
219,Bob,Turner,46,Sales,81593
220,Gina,Brown,38,Finance,108627
221,Quinn,Garcia,57,Finance,104907
222,Uma,Davis,48,Finance,77672
223,Omar,Allen,35,HR,99978
224,Will,Walker,40,Sales,99814
225,Cody,Cooper,54,Marketing,115753
226,Liz,Lee,60,Sales,99783
227,Eli,Murphy,36,HR,92534
228,Gary,Baker,35,Marketing,76812
229,Dina,Davis,36,Sales,68226
230,Quinn,Bailey,40,Sales,61726
231,Will,Johnson,33,Finance,81444
232,Yuri,Edwards,38,Engineering,76902
233,Ivy,Brown,24,Sales,70244
234,Paul,Baker,24,Sales,67293
235,Pam,Scott,31,HR,89048
236,Frank,Lopez,36,HR,92434
237,Cody,Mitchell,28,Marketing,90969
238,Elle,Scott,46,Marketing,113367
239,Adam,Richardson,52,Marketing,105016
240,Usha,Nelson,36,Finance,106155
241,Sam,Roberts,49,Engineering,102193
242,Vera,Cook,43,Marketing,97468
243,Ian,Jones,49,Engineering,85238
244,Tina,Smith,23,Finance,60297
245,Zoe,Adams,31,Finance,65297
246,Elle,Lewis,39,Engineering,76004
247,Finn,Reed,53,Engineering,86200
248,Iris,Miller,39,Sales,78771
249,Finn,Turner,47,Finance,117179
250,Eva,Lewis,44,Marketing,64411
251,Nina,Collins,35,Engineering,97730
252,Olivia,Stewart,24,Engineering,111529
253,Eva,Brown,36,Marketing,108863
254,Dina,Green,59,Engineering,96934
255,Vin,Jackson,40,Sales,93407
256,Ted,Murphy,44,HR,109393
257,Sam,Young,24,Engineering,102047
258,Uma,Richardson,52,Engineering,83525
259,Liam,Moore,60,HR,99101
260,Kate,Harris,44,Sales,77612
261,Uma,Sanchez,47,Engineering,74977
262,Jill,Evans,40,Marketing,81872
263,Elle,Walker,40,Sales,89607
264,Uma,Collins,39,Sales,101717
265,Gina,Campbell,46,Engineering,82173
266,Vera,Wright,59,Finance,64842
267,Kyle,Lopez,59,Sales,92785
268,Mona,Harris,52,HR,117603
269,Yara,Adams,29,HR,70731
270,Vin,Phillips,22,Engineering,116167
271,Ray,Cooper,57,Sales,81160
272,Bob,Thompson,34,HR,115258
273,Liam,Richardson,47,Engineering,89529
274,Vera,Martin,24,Marketing,63078
275,Vin,Thompson,52,Finance,89517
276,Olivia,Jones,40,Marketing,117146
277,Adam,Murphy,42,Marketing,91843
278,Alice,Reed,59,HR,117784
279,Gary,Williams,34,HR,92830
280,Xena,Allen,55,Engineering,93183
281,Tina,Edwards,51,Marketing,81175
282,Uma,Sanchez,34,Engineering,80706
283,Usha,Anderson,34,Finance,118062
284,Rita,Smith,59,Engineering,90259
285,Dina,Lopez,28,Engineering,66855
286,Bob,Sanchez,24,Engineering,118624
287,Hope,Thompson,42,Finance,103534
288,Cody,Morris,46,Sales,60740
289,Hank,Martinez,31,HR,111821
290,Alice,Richardson,55,Finance,82004
291,Cara,Hall,35,HR,95311
292,Finn,Turner,39,HR,97232
293,Yara,Anderson,24,Sales,67508
294,Elle,Lee,28,Marketing,80089
295,Zane,Morgan,35,Sales,87970
296,Gary,Nelson,59,Engineering,85648
297,Pam,Martin,41,Sales,81331
298,Dina,Martinez,44,Finance,68852
299,Omar,Wright,28,Engineering,63952
300,Rita,Morgan,37,HR,95106
301,Vera,Davis,49,Finance,100485
302,Quinn,Parker,35,Sales,67576
303,Rita,Scott,46,HR,66897
304,Will,Phillips,48,Marketing,97938
305,Ray,Edwards,38,HR,66303
306,Xander,Turner,49,HR,118583
307,Hank,Jones,24,HR,103266
308,Xander,Campbell,54,Finance,98837
309,Paul,Perez,39,Sales,113491
310,Yara,White,29,HR,116366
311,Mona,Clark,57,Engineering,91670
312,Elle,Carter,34,Marketing,60343
313,David,Smith,44,Finance,102936
314,David,Miller,26,Finance,82392
315,Gary,Taylor,31,Finance,105288
316,Hope,Thompson,51,Finance,82246
317,David,Johnson,27,HR,109580
318,Cody,Parker,33,HR,96565
319,Liam,Lewis,57,Marketing,110233
320,Wendy,Adams,48,Finance,117796
321,Bella,Young,50,Marketing,108997
322,Frank,Richardson,55,HR,77262
323,Olivia,Martinez,52,Sales,84185
324,Xander,Campbell,48,Sales,73493
325,David,Wilson,42,Marketing,71084
326,Charlie,Johnson,58,HR,86866
327,Ben,Morris,45,Engineering,69908
328,Nina,Martinez,52,Marketing,109168
329,Mona,Jones,35,Sales,99211
330,Ian,Reed,42,Marketing,70793
331,Dina,Edwards,59,HR,79993
332,Faye,Lopez,25,Sales,74749
333,Hope,Morris,29,Marketing,79266
334,Jack,Rogers,27,Marketing,80958
335,Olivia,Turner,34,Sales,89555
336,Liz,Garcia,53,Engineering,76623
337,Gina,Green,37,Finance,100270
338,Yara,Stewart,23,Sales,88748
339,Will,Hall,45,Marketing,112547
340,Bob,Walker,51,Finance,105508
341,Ray,King,49,HR,116710
342,Bob,Perez,41,Marketing,108455
343,Cara,Evans,56,Finance,109325
344,Hope,Edwards,33,HR,70869
345,Pam,Scott,57,HR,97898
346,Charlie,Rivera,30,Marketing,88580
347,Sam,Garcia,22,Marketing,110151
348,Will,Martinez,45,Engineering,83413
349,Liam,Murphy,56,Sales,79769
350,Paul,Parker,39,Engineering,93725
351,Abby,Walker,56,Marketing,61300
352,Liam,Phillips,55,Finance,118330
353,Dean,Sanchez,57,Finance,78504
354,Yuri,Reed,51,Sales,77146
355,Abby,Bell,59,HR,68525
356,Vin,Campbell,58,Engineering,72670
357,Yara,Lopez,33,HR,114390
358,Dina,Thomas,59,Marketing,98527
359,Ian,Lewis,46,HR,64059
360,Iris,Nelson,45,HR,108786
361,Dean,Hall,33,Finance,104724
362,Cody,Miller,34,Finance,112232
363,Wendy,Martinez,23,Sales,64553
364,Pam,Allen,58,Marketing,99729
365,Hugo,Parker,58,Marketing,94856
366,Liam,Johnson,53,Finance,100170
367,Xander,Reed,54,Sales,63514
368,Wendy,Edwards,44,Sales,62363
369,Alice,Johnson,22,Finance,89900
370,Sam,White,45,Engineering,109366
371,Finn,Wright,60,Marketing,82819
372,Abby,Martinez,26,HR,95442
373,Frank,Garcia,59,Marketing,94809
374,Usha,Allen,27,Engineering,107976
375,Xena,Thomas,45,Engineering,92968
376,Grace,King,52,Marketing,97874
377,Zane,Davis,28,Sales,94733
378,Tina,Johnson,52,Engineering,64387
379,Jill,Perez,56,HR,114678
380,Elle,Turner,49,Sales,73524
381,Dean,Evans,45,Sales,74536
382,Vin,Thompson,58,Engineering,103114
383,Alice,Cooper,40,Finance,105714
384,Liam,Morris,37,HR,67594
385,Liz,Baker,33,Engineering,63886
386,Xander,Mitchell,27,Marketing,97776
387,Jill,Martinez,50,Marketing,105470
388,Paul,Phillips,56,Sales,100662
389,Hugo,Martin,25,HR,112582
390,Alice,Hall,41,Marketing,97466
391,Sam,Cooper,24,Engineering,75573
392,Faye,Rivera,50,Finance,94204
393,Charlie,Martin,53,Marketing,85990
394,Hope,Lee,45,Engineering,102681
395,Sam,Williams,53,Finance,62707
396,Alice,Martinez,44,HR,104115
397,Max,Hernandez,31,HR,114910
398,Ray,Roberts,52,HR,78159
399,Adam,Cooper,31,Marketing,117561
400,Yara,Sanchez,29,HR,81442
401,Ted,Evans,46,Engineering,98586
402,Kyle,Green,32,Marketing,108974
403,Zoe,Lewis,38,Engineering,102391
404,Wendy,Hernandez,32,Finance,101914
405,Tina,Martinez,22,Marketing,88590
406,Abby,Hall,22,HR,94606
407,Elle,Scott,30,Engineering,91304
408,Pam,Turner,25,Engineering,109393
409,Gary,Brown,41,Sales,90157
410,Wendy,Young,28,Marketing,60256
411,Quinn,Wright,31,Marketing,110518
412,Rita,Stewart,37,HR,62294
413,Ray,Reed,42,Sales,101328
414,Faye,Evans,28,Engineering,86516
415,Mona,Martin,54,Sales,69628
416,Yuri,Martinez,56,Sales,87950
417,Nate,Stewart,45,HR,109527
418,Gary,Cooper,45,Finance,63269
419,Pam,Carter,54,Engineering,72708
420,Usha,Cook,36,HR,117119
421,Bob,Nelson,34,HR,111459
422,Ian,Murphy,29,Engineering,85383
423,Paul,Bell,55,Finance,111949
424,Faye,Clark,53,Sales,101539
425,Yuri,Garcia,23,HR,80324
426,Hank,Harris,26,Marketing,66599
427,Max,Young,57,Finance,68829
428,Olivia,Anderson,42,Finance,114923
429,Tina,Thompson,55,Finance,62111
430,Nate,Lopez,51,Finance,81019
431,Dina,Baker,25,Sales,103681
432,Eli,Phillips,47,Finance,90332
433,Sam,Thomas,22,Sales,90510
434,Hugo,Anderson,57,Engineering,93697
435,Rita,Carter,41,HR,111394
436,Sam,Martinez,24,HR,100500
437,Bob,Thomas,38,Marketing,97021
438,Jill,Adams,50,Engineering,66065
439,Jack,Morgan,36,Engineering,87198
440,Vin,Martin,36,Engineering,80794
441,Omar,Wright,25,Marketing,113272
442,Cody,Hernandez,39,Sales,80807
443,Sue,Evans,33,Engineering,100941
444,Olivia,Lopez,34,Engineering,107718
445,Gary,Lee,52,Engineering,78111
446,Kate,Cook,34,Engineering,114472
447,Kate,Allen,36,Finance,86241
448,Xena,Cook,26,Marketing,101479
449,Hugo,Lopez,50,Engineering,78173
450,Dean,Evans,30,Finance,115256
451,Eli,Johnson,45,Engineering,105213
452,David,Miller,30,HR,110430
453,Uma,Lee,32,Finance,112184
454,Gary,Smith,36,Engineering,92056
455,Gina,Lopez,55,Engineering,91098
456,Hugo,Johnson,27,Sales,88482
457,Gina,Harris,45,Sales,101363
458,Xena,Adams,58,Sales,99823
459,Dean,Green,51,Sales,69397
460,Ben,Lee,29,Engineering,114152
461,Xena,Baker,38,HR,119667
462,Will,Taylor,45,HR,74119
463,David,Reed,41,Marketing,68224
464,Ray,Edwards,50,Engineering,77394
465,Jack,Lewis,51,Sales,115142
466,Uma,Cooper,28,Finance,90113
467,Kyle,Evans,32,Marketing,113740
468,Eli,Williams,50,Finance,116039
469,Eli,Baker,24,Sales,101813
470,Dean,Rivera,32,Finance,97956
471,David,Lee,56,Sales,112942
472,Elle,Thomas,31,Finance,76473
473,Nate,Turner,29,Finance,63956
474,Cody,Wilson,57,Sales,70591
475,Eli,Lee,50,Sales,82124
476,Nate,Davis,46,Engineering,68315
477,Nina,Thompson,45,Sales,71160
478,Eva,Anderson,38,HR,75414
479,Liz,Carter,46,Sales,110467
480,Rita,Taylor,24,Sales,94477
481,Zane,Anderson,38,Finance,76792
482,Will,Roberts,35,Engineering,63757
483,Sue,Turner,25,Finance,68033
484,Bob,Martin,44,Engineering,76546
485,Jill,Evans,33,Engineering,64528
486,Ray,Richardson,46,Sales,119110
487,Ray,Stewart,28,HR,67233
488,Rita,Perez,23,Finance,115863
489,Nate,Wilson,28,Marketing,110560
490,Will,Martinez,38,Finance,63322
491,Yuri,Young,39,Marketing,84480
492,Bob,Garcia,26,HR,116551
493,Liam,Collins,42,Marketing,117338
494,Alice,Smith,49,HR,76386
495,Hugo,Adams,53,Marketing,93550
496,Jill,Taylor,23,Engineering,64130
497,Kate,Davis,49,Engineering,117687
498,Nate,Carter,54,Finance,72712
499,Eli,Bell,24,Marketing,86734
500,Sue,Turner,51,Sales,113001
501,Gina,Miller,30,Finance,87146
502,Bella,Baker,53,Engineering,98869
503,Grace,Wilson,52,Finance,109555
504,Nina,Cook,29,Marketing,85910
505,Usha,Stewart,49,Finance,78955
506,Kate,Perez,58,HR,63270
507,Xander,Rogers,49,HR,95091
508,Ian,Hernandez,23,Sales,93953
509,Elle,Green,55,HR,116133
510,Liz,Roberts,30,Marketing,60374
511,Olivia,Scott,42,Marketing,83885
512,Iris,Adams,40,Sales,70769
513,Bob,Allen,58,Finance,83858
514,Jack,Thomas,28,Marketing,88010
515,Yara,Baker,54,Finance,60605
516,Kate,Rogers,33,Marketing,82485
517,Vera,Taylor,51,Finance,84736
518,Ted,Mitchell,52,Sales,79028
519,Paul,Evans,26,Sales,84557
520,Bella,White,47,Sales,61722
521,Yuri,King,42,HR,83070
522,Rita,Lopez,46,HR,106138
523,Elle,Campbell,22,Finance,87964
524,Abby,Cook,50,Sales,82670
525,Vin,Nelson,52,HR,97485
526,Ivy,Clark,56,Marketing,113222
527,Sue,Cook,26,HR,104716
528,Alice,Murphy,31,HR,79970
529,Bob,Smith,51,HR,88048
530,Eva,Brown,44,Finance,87672
531,Bella,Morgan,34,Sales,102500
532,Nina,Baker,49,Finance,73993
533,Tina,Reed,42,Engineering,69422
534,Finn,Jones,48,Marketing,106293
535,Max,Williams,34,Marketing,64588
536,Sue,Nelson,38,HR,68684
537,Olivia,Campbell,43,Finance,68805
538,Zane,Mitchell,36,HR,119144
539,Jill,Wright,41,Engineering,85269
540,Ted,Bailey,39,Finance,62813
541,Finn,Young,30,HR,106122
542,Sam,Clark,37,HR,102411
543,Ian,Hernandez,56,Sales,86728
544,Vin,Anderson,42,Marketing,71354
545,Adam,Garcia,25,Finance,60095
546,Jack,Miller,40,Finance,63352
547,Grace,Allen,48,Engineering,66729
548,Elle,Harris,44,Engineering,93429
549,Frank,Evans,33,Engineering,113556
550,Hugo,Thomas,24,Marketing,113015
551,Hank,Hall,42,Marketing,111848
552,Gary,Lewis,44,Sales,72542
553,Zane,Martinez,49,Engineering,110364
554,Alice,Murphy,24,Sales,93979
555,Max,Walker,51,Sales,116217
556,Jill,Parker,36,Marketing,75374
557,Eva,Thomas,24,Finance,89898
558,Mona,Morris,22,Marketing,88153
559,Alice,Allen,27,Engineering,64746
560,Xander,Hernandez,37,Sales,82926
561,Yara,Johnson,36,Finance,114406
562,Eli,Brown,26,Sales,93278
563,Kyle,Wilson,28,Marketing,85009
564,Paul,Taylor,49,Engineering,60087
565,Kyle,Cook,33,HR,77339
566,Omar,Thomas,55,Sales,109189
567,Usha,Martin,49,Marketing,104460
568,Hugo,Green,57,Marketing,105879
569,Alice,Sanchez,30,Finance,114180
570,Grace,Jackson,50,Marketing,86217
571,David,Hall,54,Sales,77686
572,Adam,Lopez,51,Finance,119421
573,Nina,Brown,22,Marketing,117841
574,Mona,Phillips,58,Engineering,87788
575,Jill,Martinez,36,Marketing,75327
576,Alice,Martinez,34,HR,109473
577,Xander,Martinez,46,Marketing,72770
578,Finn,Hernandez,30,Finance,66311
579,Ian,Miller,30,Finance,100391
580,Vera,Collins,39,HR,96842
581,Dean,Cooper,57,Sales,74108
582,Grace,Murphy,51,HR,107535
583,Zane,Jones,49,Finance,88641
584,Uma,Clark,27,HR,81884
585,Olivia,Mitchell,58,HR,72005
586,Pam,Reed,34,Finance,99446
587,Hank,Lopez,44,Finance,100261
588,Hank,Rogers,47,Engineering,107017
589,Abby,Jones,47,Engineering,107879
590,Cody,Lopez,23,Engineering,117393
591,Paul,Turner,29,Sales,93764
592,Ivy,White,24,Finance,94614
593,Zoe,Cook,47,Engineering,88554
594,Ian,Walker,33,HR,88223
595,Tina,Campbell,50,HR,98466
596,Zane,Evans,44,Marketing,78282
597,Sue,Smith,35,Sales,119873
598,Kyle,Richardson,24,Finance,91862
599,Nina,Miller,22,Sales,103035
600,Sam,Thomas,22,Marketing,92680
601,Kate,Miller,42,Marketing,96645
602,Rita,Walker,48,Sales,101507
603,Vin,Richardson,57,Finance,66692
604,Jack,Harris,22,Finance,109967
605,Liam,Adams,37,HR,101478
606,Quinn,Green,55,Finance,77945
607,Faye,Roberts,29,HR,115127
608,Mona,Jackson,36,HR,94126
609,Bella,Taylor,58,Finance,89898
610,Max,Campbell,23,Marketing,94872
611,Vera,King,48,Finance,101085
612,Liz,Hernandez,53,Finance,74003
613,Vin,Davis,23,HR,77643
614,Omar,Stewart,49,Finance,106457
615,Mona,Lee,30,Sales,94312
616,Ian,Anderson,24,Sales,103416
617,Vera,Rogers,36,HR,102425
618,Alice,Morris,33,HR,118484
619,Max,Taylor,56,Finance,70520
620,Adam,Reed,43,Finance,107973
621,Dean,Allen,25,HR,87164
622,Sue,Lopez,47,Engineering,105797
623,Liz,Johnson,47,Engineering,101278
624,Pam,Nelson,51,Finance,82859
625,Xena,Adams,56,Finance,107126
626,Tina,Collins,48,HR,71526
627,Vin,Stewart,44,Marketing,91804
628,Nate,Thomas,25,Finance,93545
629,Yara,Stewart,37,Engineering,95916
630,Eva,Richardson,43,Engineering,89176
631,Dina,Cooper,41,Engineering,84248
632,Alice,Williams,30,HR,111575
633,Usha,Anderson,27,Finance,90165
634,Rita,Davis,35,Engineering,91578
635,David,Moore,56,Engineering,118228
636,Ian,Lopez,51,Finance,106176
637,Bella,Miller,44,Marketing,77998
638,Ian,Rivera,55,Finance,63405
639,Dina,Bell,52,Engineering,82475
640,Xander,Wilson,37,Marketing,95474
641,Jill,Murphy,59,HR,97736
642,Dean,Allen,50,Marketing,69691
643,David,Miller,22,HR,84972
644,Xena,Green,29,Finance,65342
645,Zane,Perez,51,Finance,80330
646,Ben,Taylor,37,HR,117960
647,Faye,Walker,57,HR,91563
648,Will,Johnson,42,HR,89508
649,Gary,Edwards,32,HR,102850
650,Sam,Parker,56,Marketing,106426
651,Nina,Carter,43,Sales,82418
652,Iris,Bell,32,Marketing,71603
653,Mona,Morris,23,HR,70798
654,Grace,Thomas,33,Engineering,69570
655,Finn,Adams,41,Sales,112175
656,Yuri,Hall,41,Finance,107028
657,Bob,Lee,23,Finance,90184
658,Kate,Wright,38,Engineering,106706
659,Jack,Martin,23,Engineering,88220
660,Nate,Martin,37,Marketing,93965
661,Grace,King,35,HR,74572
662,Jill,Harris,32,Sales,97198
663,Zane,Rivera,41,Engineering,83658
664,Grace,Cooper,60,HR,109437
665,Liz,Campbell,48,Finance,60427
666,Eli,Allen,35,Finance,68603
667,Pam,Adams,54,Marketing,85038
668,Alice,Jones,25,Engineering,117381
669,Uma,Martinez,39,Finance,76811
670,Elle,Green,23,Engineering,96124
671,Ted,Lee,44,Marketing,73891
672,Liz,Rivera,26,Finance,88055
673,Dina,Wright,47,Marketing,104905
674,Omar,Evans,36,Sales,117968
675,Mona,White,44,Engineering,61781
676,Vin,Bell,22,Engineering,115362
677,Liam,Adams,54,HR,104192
678,Usha,Rivera,48,Engineering,66409
679,Gary,Clark,46,Sales,91186
680,Nina,Wilson,54,HR,114626
681,Max,White,58,Engineering,111040
682,Sam,Martinez,34,HR,99454
683,Finn,Baker,36,Sales,113127
684,Ben,Evans,28,Marketing,76818
685,Bella,Rogers,57,Finance,95513
686,Omar,Nelson,57,Sales,97049
687,Liz,Phillips,51,HR,71858
688,Tina,Turner,26,Marketing,78089
689,Cody,Thomas,37,Sales,61166
690,Omar,Morgan,28,Finance,103734
691,Jack,Parker,22,Engineering,96364
692,Zoe,Rivera,55,Marketing,88513
693,Alice,Lewis,31,Finance,89961
694,Liz,Jones,22,Finance,106077
695,Zoe,Campbell,26,Engineering,86624
696,Iris,Smith,27,HR,87970
697,Charlie,Walker,36,Marketing,83431
698,Kyle,Martinez,32,Engineering,67230
699,Pam,Stewart,27,Sales,116481
700,Paul,Campbell,31,Sales,61945
701,Finn,Mitchell,58,Finance,63513
702,Olivia,Thomas,54,HR,100522
703,Quinn,Thomas,26,Marketing,73983
704,Ian,Williams,30,Sales,73028
705,Ian,Jones,34,Finance,119796
706,Vin,Rivera,34,Sales,88559
707,Quinn,King,23,HR,92036
708,Dean,Thompson,42,HR,87934
709,Gina,Martinez,26,Sales,74645
710,Ray,Cook,24,Sales,101426
711,Xander,Jones,47,Finance,110110
712,Vin,Turner,45,HR,85144
713,Ben,Cook,35,Engineering,60707
714,Uma,Adams,48,Sales,60638
715,Charlie,Thompson,31,HR,107485
716,Ivy,Smith,28,Engineering,96093
717,Xander,Nelson,24,Engineering,105245
718,Bella,Mitchell,59,HR,70228
719,Usha,Williams,52,Finance,66364
720,Zane,Bell,57,Marketing,117709
721,Hope,Williams,26,Marketing,118908
722,Cody,Clark,47,HR,97982
723,Vin,Parker,34,Finance,113918
724,Xena,Bell,52,HR,89899
725,Gina,Green,54,Engineering,84008
726,Liam,Moore,57,Marketing,79269
727,Bob,White,32,Finance,117812
728,Kate,Bell,47,Marketing,66820
729,Faye,Rivera,34,Sales,74820
730,Hope,Lewis,58,Engineering,116608
731,Gina,White,60,Finance,73635
732,Mona,Jones,57,Sales,80032
733,Iris,Moore,57,HR,62339
734,Wendy,Scott,58,Sales,71242
735,David,Jackson,53,Engineering,115351
736,Will,Stewart,37,Sales,111384
737,Vera,Young,29,Marketing,118901
738,Faye,Cooper,26,Sales,90561
739,Bob,Cook,45,Marketing,90506
740,Eva,Rogers,45,Marketing,80795
741,Jill,Rivera,30,Finance,89587
742,Zane,Roberts,45,Finance,97905
743,Hope,Young,30,HR,105260
744,Wendy,Bell,23,Sales,112770
745,Finn,Hall,30,Marketing,110332
746,Gina,Garcia,46,Finance,75375
747,Ray,Hall,34,HR,80664
748,Ivy,Harris,32,Marketing,112882
749,Kyle,Bailey,52,Engineering,74051
750,Usha,Rogers,24,HR,73333
751,Sam,Phillips,22,HR,119800
752,Elle,Scott,28,Engineering,63849
753,Kate,Garcia,50,HR,92993
754,Mona,Walker,27,Sales,112059
755,Vera,Bell,45,HR,78691
756,Gina,Thomas,32,HR,105096
757,Dean,Stewart,30,HR,119142
758,Xander,Turner,46,Marketing,92160
759,Bella,Rogers,52,Marketing,117106
760,Faye,Lewis,46,Marketing,102580
761,Mona,Martin,59,Finance,79210
762,Nate,Murphy,60,Finance,70274
763,Liam,Campbell,40,Engineering,102884
764,Jill,Martinez,53,Marketing,70739
765,Vera,Walker,45,Engineering,105645
766,Adam,Bailey,53,Finance,61307
767,Tina,Wilson,60,HR,109626
768,Finn,Thomas,59,Engineering,114695
769,Ben,Carter,24,Finance,75104
770,Frank,Cooper,40,Engineering,61175
771,Gary,Bailey,40,HR,112002
772,Rita,Edwards,53,Finance,119351
773,Adam,Johnson,32,HR,119674
774,Mona,Lewis,31,Sales,109277
775,Ben,King,39,Sales,77616
776,Nina,Scott,36,Engineering,98671
777,Rita,Jackson,30,Sales,110325
778,Quinn,Turner,50,Sales,77554
779,Kyle,Wilson,57,Engineering,112478
780,Elle,Adams,27,Engineering,65360
781,Faye,Jackson,30,Finance,65311
782,Xander,Roberts,55,HR,60551
783,Nina,Sanchez,42,Finance,91861
784,Elle,Carter,49,Finance,116966
785,Cody,Jones,43,Engineering,95005
786,Liam,Jackson,60,Sales,115574
787,Adam,Bell,49,Sales,112613
788,Iris,Murphy,42,HR,112988
789,Pam,Rogers,51,HR,106411
790,Kyle,Hernandez,50,Sales,84288
791,Alice,Carter,52,Engineering,115721
792,Pam,Young,37,Finance,80301
793,Eli,Rivera,33,Engineering,109432
794,Liz,Carter,36,Sales,87697
795,Pam,Allen,32,HR,77337
796,Hank,Turner,56,Marketing,103600
797,Bella,Carter,23,Sales,102093
798,Ben,Bell,41,Sales,69895
799,Max,Taylor,49,Marketing,83812
800,Jack,Campbell,27,HR,73773
801,Charlie,Johnson,28,Engineering,72642
802,Hope,Garcia,29,Marketing,84545
803,Will,Sanchez,53,HR,69041
804,Alice,Martinez,57,Finance,114751
805,Nina,Young,28,Finance,71989
806,Bella,Reed,38,HR,102996
807,Cody,Wilson,41,HR,91477
808,Pam,Perez,33,Sales,84407
809,Hank,Martinez,22,Marketing,119539
810,Yara,Rogers,49,Finance,63758
811,Charlie,Lewis,58,Sales,88493
812,David,Garcia,45,HR,118121
813,Vin,Evans,22,Marketing,118569
814,Ted,Roberts,27,Engineering,72827
815,Nate,Green,52,Finance,60894
816,Bella,Scott,23,Finance,74831
817,Ben,Stewart,37,Engineering,93646
818,Hope,Reed,49,HR,99515
819,Dina,Hernandez,60,Sales,69185
820,Cara,Collins,37,Sales,114452
821,Xander,Turner,41,Marketing,82150
822,Cody,Cook,54,Finance,69527
823,Yuri,Thompson,40,Finance,108243
824,Ivy,Martin,57,Marketing,107214
825,Frank,Stewart,50,Finance,97900
826,Liam,Williams,60,Sales,99013
827,Xander,Turner,48,HR,64973
828,Eli,Sanchez,32,HR,103458
829,Tina,Campbell,33,Finance,64424
830,Vera,Wright,53,Finance,116155
831,Faye,Jackson,56,Engineering,97606
832,Omar,Perez,43,Finance,82692
833,Nina,Campbell,60,Finance,64796
834,Abby,Edwards,50,Sales,72333
835,Usha,Roberts,27,Sales,64389
836,Alice,Turner,47,Engineering,80942
837,Hope,Lee,58,Engineering,103680
838,Hugo,Morgan,55,Engineering,73383
839,Paul,Williams,50,Sales,85349
840,Jill,Turner,47,HR,112477
841,Cara,Cooper,60,Sales,107087
842,Dina,Martin,30,Finance,62911
843,Ray,Jackson,37,HR,92368
844,Ian,Lewis,59,Engineering,67325
845,Pam,Bailey,51,Finance,71748
846,Finn,Anderson,55,Engineering,71726
847,Jack,Rogers,32,Finance,80742
848,Usha,Morris,25,HR,111778
849,Uma,Cook,40,HR,74728
850,Iris,Allen,40,Engineering,78480
851,Omar,Carter,37,Marketing,100764
852,Ray,Brown,23,Engineering,111663
853,Alice,Phillips,58,HR,114532
854,Zoe,Lee,38,Finance,86889
855,Gina,Cooper,52,Sales,100566
856,Usha,Smith,30,Finance,93281
857,Faye,Allen,37,Finance,118146
858,Olivia,White,45,Marketing,86230
859,Xena,Cooper,25,Finance,78372
860,Abby,Carter,34,Marketing,114221
861,Nate,Stewart,60,Finance,93830
862,Sam,Evans,26,Sales,74832
863,Cara,Anderson,51,HR,109484
864,Iris,Harris,33,Sales,60225
865,Gina,Cook,58,Marketing,87761
866,Hugo,Scott,40,HR,116829
867,Sue,Turner,44,HR,81378
868,Adam,Jackson,27,Engineering,84965
869,Xena,Nelson,33,HR,72633
870,Grace,Turner,33,Finance,117256
871,Dina,Evans,30,Marketing,64242
872,Quinn,Carter,51,Finance,112697
873,Will,Martinez,56,HR,68163
874,Eli,Carter,53,Sales,75933
875,Vin,Williams,40,HR,109246
876,Yuri,Campbell,39,Engineering,70083
877,Abby,Thomas,31,Engineering,97315
878,Dina,Roberts,49,HR,113066
879,Pam,White,24,Finance,89923
880,Nina,Smith,48,Engineering,70144
881,Zoe,Miller,25,HR,73684
882,Liam,Smith,54,Marketing,89047
883,Bella,Morgan,41,Sales,65872
884,Xena,Smith,60,HR,78379
885,Jack,Davis,48,HR,85836
886,Uma,Cook,34,Engineering,108236
887,Will,Smith,44,Engineering,80181
888,Adam,Bell,56,Sales,107268
889,Finn,Cook,48,Marketing,99938
890,Usha,Reed,52,Sales,97078
891,Frank,Davis,32,Marketing,114545
892,Iris,Hall,54,HR,70971
893,David,Stewart,44,HR,114806
894,Faye,Lee,26,Finance,73986
895,Gary,Richardson,37,Engineering,85393
896,Ivy,Roberts,47,Sales,66672
897,Hank,Adams,22,HR,97652
898,Iris,Bell,58,HR,98210
899,Zoe,Thomas,49,Engineering,69012
900,David,Green,32,Engineering,61588
901,Usha,Lee,33,Finance,83163
902,Bella,Murphy,31,Engineering,82515
903,Grace,Perez,44,HR,95269
904,Zane,Green,34,HR,76316
905,Hank,Lee,60,Engineering,107591
906,Finn,Phillips,50,HR,104151
907,Nate,Johnson,49,HR,97013
908,Eva,Harris,49,Engineering,107792
909,Quinn,Edwards,36,Finance,102690
910,Bob,Bell,23,Finance,108422
911,Alice,Johnson,36,Marketing,84715
912,Iris,Bailey,36,Engineering,86244
913,Frank,Thompson,36,Engineering,74289
914,Mona,Martinez,55,Sales,81314
915,Pam,Mitchell,37,HR,74718
916,Charlie,Adams,51,Finance,92276
917,Jack,Jackson,56,HR,81593
918,Frank,Young,38,Sales,112170
919,Ray,Harris,45,Finance,117560
920,Ian,Morris,53,Marketing,79783
921,Hank,Hall,37,HR,97495
922,Xena,Rogers,44,HR,74340
923,Olivia,Cooper,37,Engineering,93419
924,Ray,Reed,39,Engineering,63677
925,Liam,Adams,48,Engineering,83110
926,Vin,Bell,59,HR,111571
927,Mona,Rogers,24,HR,73372
928,Liam,Richardson,49,Finance,91578
929,Gina,Bailey,38,Marketing,72378
930,Xander,Jackson,58,HR,81136
931,Quinn,Lewis,24,Engineering,71272
932,Yara,Cooper,32,Engineering,85901
933,Ray,Williams,29,Finance,65727
934,Will,Brown,53,Finance,91538
935,Eva,Thompson,40,Finance,81375
936,Yara,Martinez,35,Marketing,65989
937,Nina,Richardson,42,Engineering,115709
938,Nate,Harris,40,HR,85126
939,Nate,Rivera,45,Marketing,96403
940,Sue,Lee,28,Sales,118115
941,Jack,Smith,31,Marketing,88890
942,Ian,Miller,40,Finance,76977
943,Uma,Thompson,41,Sales,105784
944,Liam,Baker,25,Finance,68379
945,Max,Davis,27,Finance,96865
946,Kyle,Rogers,45,HR,88871
947,Bella,Davis,48,Sales,88524
948,Liam,Campbell,35,Engineering,74042
949,Vera,Reed,60,Engineering,117227
950,Will,Miller,26,Marketing,91278
951,Dean,Hall,48,Sales,119712
952,Yara,Rogers,39,Engineering,65217
953,Omar,Clark,55,Sales,98693
954,Rita,Brown,54,Marketing,66863
955,Iris,Cook,60,Sales,89783
956,Liz,Stewart,57,Marketing,91327
957,Bella,Stewart,44,Sales,83127
958,Uma,Garcia,54,Sales,77603
959,Jill,Garcia,41,HR,63270
960,Ray,Morris,43,Finance,79954
961,Charlie,Rivera,37,Sales,108983
962,Quinn,Rivera,55,Marketing,112510
963,Ivy,Miller,35,Marketing,111565
964,Elle,Johnson,30,Marketing,91919
965,Yuri,Hernandez,59,Finance,83880
966,Zoe,Allen,30,Engineering,77819
967,Sue,Miller,34,HR,70484
968,Dean,Anderson,36,Sales,106715
969,Ian,Carter,46,Engineering,79376
970,Xena,Reed,42,Engineering,81799
971,Gina,Reed,25,Engineering,78068
972,Finn,White,41,HR,91527
973,Uma,Smith,37,Finance,97028
974,Liam,Parker,47,Sales,111655
975,Frank,Stewart,55,HR,81040
976,Sue,Jones,53,Engineering,66919
977,Liz,Wright,28,Engineering,66250
978,Iris,Lewis,59,HR,119691
979,Wendy,Thompson,43,Sales,67061
980,Jill,Perez,51,Marketing,71849
981,Frank,Bailey,34,HR,98309
982,Jack,Morris,25,Marketing,87873
983,Faye,Turner,38,Sales,82996
984,Vin,Mitchell,48,Marketing,84234
985,Frank,Sanchez,49,Sales,84081
986,Eva,Cooper,41,Finance,74245
987,Hank,Scott,48,HR,84751
988,Tina,Young,24,HR,114064
989,Zoe,Nelson,51,Finance,77184
990,Ben,Martinez,27,Sales,99413
991,Cara,Hernandez,45,Sales,113319
992,Max,Mitchell,37,Marketing,116216
993,Frank,Scott,51,Sales,72957
994,Hank,Parker,22,Finance,81868
995,Xander,Phillips,37,Finance,77064
996,Quinn,Lee,27,HR,90217
997,Vera,Martin,48,Engineering,117327
998,Ben,Clark,31,HR,95114
999,Uma,Hernandez,56,Engineering,60636
1000,Uma,Taylor,40,Marketing,107215
1001,Hank,Morris,24,HR,115165
1002,Quinn,Hall,48,Finance,74168
1003,Eva,Lewis,47,Marketing,90850
1004,Iris,Bailey,29,Finance,102480
1005,Jill,Garcia,23,Marketing,99492
1006,Frank,Bell,47,Sales,67774
1007,Kate,Martinez,25,Finance,93004
1008,Sam,Moore,22,Sales,83602
1009,Bella,Williams,41,Marketing,98162
1010,Usha,Martin,41,HR,71528
1011,Jill,Nelson,45,Marketing,116129
1012,Frank,Anderson,36,Sales,90244
1013,Wendy,Martinez,46,HR,70811
1014,Omar,Taylor,50,Finance,92064
1015,Grace,Walker,29,Marketing,70760
1016,Cara,Perez,59,Finance,72137
1017,Rita,King,40,Marketing,97251
1018,Nina,Richardson,35,Engineering,79562
1019,Nate,Smith,57,Sales,116982
1020,Hugo,Jackson,27,Marketing,83079
1021,Liam,Taylor,55,HR,76137
1022,Hugo,Wright,52,Engineering,72203
1023,Iris,Mitchell,25,Finance,78926
1024,Gary,Miller,52,HR,109067
1025,Olivia,Morgan,27,Sales,102254
1026,Rita,Johnson,23,Marketing,82375
1027,Gina,Lee,39,HR,64999
1028,Faye,Richardson,50,Engineering,60551
1029,Sue,White,41,Engineering,106039
1030,Usha,King,30,Finance,92587
1031,Bob,Lee,54,Marketing,82943
1032,Sam,Murphy,54,Sales,96938
1033,Finn,Thompson,57,Marketing,116015
1034,Kate,Parker,57,Sales,108384
1035,Ian,Anderson,25,Sales,69354
1036,Eva,Bailey,29,Finance,64368
1037,Sue,Johnson,28,Engineering,94285
1038,Paul,Thompson,32,HR,68993
1039,Vera,Lopez,28,Sales,107145
1040,Bob,Young,26,HR,113569
1041,Jack,Harris,50,Engineering,86637
1042,Eli,Hall,55,Engineering,67640
1043,Liz,Williams,57,Finance,105365
1044,Ian,Walker,60,HR,70605
1045,Bob,Reed,44,HR,76951
1046,Sam,Wilson,56,Marketing,87369
1047,Jack,Sanchez,27,Finance,113388
1048,Uma,Edwards,52,HR,72725
1049,Cody,Evans,60,Sales,118667
1050,Bella,Parker,34,Finance,99078
1051,Kyle,Martin,23,Finance,111589
1052,Yara,Wright,40,Marketing,66685
1053,Uma,Thompson,38,Finance,99302
1054,Ivy,Perez,44,Engineering,66519
1055,Ted,Miller,30,Engineering,113092
1056,Hope,Anderson,25,HR,115900
1057,Uma,Rivera,47,Sales,105559
1058,Yara,Evans,31,Engineering,113976
1059,Hugo,Roberts,33,HR,78250
1060,Gary,Cook,45,Marketing,114972
1061,Faye,Morgan,42,Finance,110426
1062,Paul,Anderson,55,Engineering,92767
1063,Eli,Thomas,47,Sales,80249
1064,Bella,Wilson,58,HR,96378
1065,Hugo,Parker,25,HR,102401
1066,Charlie,Baker,38,Finance,98642
1067,Sue,Garcia,44,Finance,105586
1068,Vin,Martinez,24,Marketing,60368
1069,Ivy,Jackson,28,HR,88517
1070,Finn,Rogers,42,Engineering,109898
1071,Olivia,Rivera,22,HR,64929
1072,Tina,Rogers,55,Marketing,77379
1073,Pam,Reed,51,Engineering,76564
1074,Zoe,Nelson,43,Finance,83321
1075,Quinn,Hernandez,44,Finance,79918
1076,Zane,Johnson,31,Finance,67909
1077,Ray,Johnson,23,Finance,111887
1078,Finn,Carter,52,HR,72046
1079,Vin,Carter,52,Finance,69373
1080,Nate,Clark,51,Finance,84985
1081,Yara,Williams,27,Sales,79753
1082,Nina,Collins,30,HR,98351
1083,Xena,Richardson,50,HR,100338
1084,Tina,Rogers,50,HR,82079
1085,Yuri,Brown,55,Sales,66972
1086,David,Nelson,49,Marketing,72454
1087,Abby,Garcia,22,Marketing,65750
1088,Ian,Nelson,33,HR,115335
1089,Sam,Williams,30,Marketing,80218
1090,Pam,Wright,32,Marketing,65700
1091,David,Sanchez,50,Marketing,103502
1092,Paul,Wright,59,Marketing,95324
1093,Ted,Taylor,27,HR,88511
1094,Rita,Richardson,25,Engineering,99005
1095,Dean,Clark,43,Sales,118957
1096,Omar,Lee,58,Sales,84637
1097,Frank,Carter,56,Sales,66081
1098,Yuri,Morris,32,Marketing,65065
1099,Cody,Green,36,Finance,80064
1100,Yara,Bailey,28,Engineering,65720
1101,Hope,Rivera,40,HR,103661
1102,Gina,Mitchell,43,Finance,88795
1103,Frank,Cook,26,Marketing,96239
1104,Jack,Phillips,59,HR,68201
1105,Liam,Lee,23,Finance,118324
1106,Gary,Johnson,29,Sales,69095
1107,Max,Bailey,51,HR,84404
1108,Nina,Clark,57,Engineering,95389
1109,Ted,Young,36,Sales,69751
1110,Dean,Smith,28,HR,69275
1111,Olivia,Edwards,42,HR,83558
1112,Kyle,Rogers,29,HR,118248
1113,Bob,Johnson,47,HR,97331
1114,Eli,King,29,Finance,97485
1115,Dean,Baker,49,Finance,119723
1116,Gary,Cook,55,Finance,83258
1117,Zoe,Evans,51,Finance,62350
1118,Zoe,Jones,49,Sales,98881
1119,Ivy,Perez,60,Engineering,113882
1120,Ray,Martinez,52,Marketing,69169
1121,Bob,Davis,53,Engineering,99952
1122,Gary,Hernandez,60,Engineering,67199
1123,Zoe,Turner,51,Finance,74835
1124,Mona,Thompson,39,HR,114492
1125,Uma,Rivera,25,Marketing,69098
1126,Frank,Evans,46,Engineering,99855
1127,Finn,Baker,30,Finance,70201
1128,Rita,Lopez,39,Engineering,61982
1129,Nina,Roberts,43,HR,107725
1130,Nina,Green,43,Marketing,67101
1131,Dina,Phillips,22,Finance,78958
1132,Rita,Green,54,Engineering,60423
1133,Iris,Bailey,59,Engineering,77830
1134,Kyle,Martinez,38,Engineering,94653
1135,Yara,Perez,50,Engineering,81633
1136,Rita,Wilson,24,HR,61894
1137,Wendy,Scott,45,Marketing,98929
1138,Mona,White,32,Sales,111803
1139,Vin,Morgan,22,Sales,111393
1140,Cara,Martinez,37,Finance,107011
1141,Liam,King,29,Marketing,97882
1142,Eva,Phillips,33,Sales,117946
1143,Grace,Evans,38,Sales,83205
1144,Will,Perez,51,Finance,107708
1145,Ivy,Edwards,50,HR,84463
1146,Omar,Perez,51,Sales,88540
1147,David,Rivera,43,Engineering,96301
1148,Yuri,Jackson,53,Engineering,91138
1149,Eli,Anderson,42,Sales,70559
1150,Bob,Scott,38,Finance,93571
1151,Ian,Jackson,56,Sales,70689
1152,Dean,King,42,HR,85058
1153,Hank,Nelson,46,Finance,61788
1154,Finn,Roberts,43,Engineering,83959
1155,Elle,Hernandez,33,Engineering,100837
1156,Abby,Jones,27,Finance,112999
1157,Paul,Collins,50,Engineering,104475
1158,Cara,Davis,24,Finance,75218
1159,Iris,Taylor,52,Marketing,80691
1160,Hugo,Collins,57,HR,118561
1161,Olivia,Smith,53,Engineering,83582
1162,Max,Carter,54,Marketing,86128
1163,Kyle,Lee,37,Engineering,68323
1164,Olivia,Harris,31,Finance,81659
1165,Ted,Williams,55,HR,119327
1166,Xena,Murphy,32,Sales,70441
1167,Vera,Wright,45,Marketing,68032
1168,Quinn,Bailey,31,Marketing,63586
1169,Vin,King,33,Engineering,87852
1170,Finn,Sanchez,34,Marketing,114996
1171,Hugo,Lewis,32,Finance,104348
1172,Charlie,Wilson,25,Marketing,87443
1173,Dina,Thompson,23,Marketing,115918
1174,Finn,Parker,57,Finance,85563
1175,David,Turner,38,HR,99675
1176,Pam,King,31,Engineering,98132
1177,Uma,Thompson,27,HR,97905
1178,Omar,Nelson,35,Marketing,70396
1179,Usha,Roberts,47,Engineering,119772
1180,Finn,Young,41,Sales,72220
1181,Ben,Lee,38,HR,83076
1182,Kate,Adams,31,Engineering,110900
1183,Liz,Stewart,25,HR,72317
1184,Sue,Lee,24,Sales,78927
1185,Yara,Parker,47,Marketing,76665
1186,Gina,Reed,40,Sales,103378
1187,Vera,Rogers,53,HR,106410
1188,Frank,Stewart,30,Marketing,80249
1189,Pam,Perez,34,HR,101579
1190,Zoe,Williams,53,HR,116704
1191,Hope,Martin,25,Engineering,106338
1192,Hugo,Cooper,40,HR,110791
1193,Dean,Parker,51,Marketing,77131
1194,Alice,Reed,54,Engineering,64008
1195,Elle,Edwards,55,Sales,64305
1196,Kate,Richardson,47,Finance,86219
1197,Vera,Brown,59,Marketing,74385
1198,Sam,Stewart,43,Finance,113165
1199,Nate,Morris,55,Marketing,83098
1200,Finn,Nelson,34,Sales,102805
1201,Abby,Parker,51,HR,104964
1202,Nate,Parker,30,HR,115716
1203,Dina,Rivera,42,HR,86225
1204,Abby,Jackson,55,Marketing,96495
1205,David,Wright,49,Finance,95127
1206,Ben,Baker,57,Marketing,91312
1207,Max,Richardson,22,HR,100866
1208,Olivia,Collins,60,Marketing,89378
1209,Charlie,Roberts,52,Finance,106998
1210,Omar,Martin,59,Finance,93990
1211,Tina,Reed,30,HR,100089
1212,David,Garcia,29,Marketing,82704
1213,Sue,Sanchez,55,Engineering,93630
1214,Olivia,Williams,30,Finance,117533
1215,Kyle,Moore,43,HR,104297
1216,Grace,Adams,49,Engineering,110309
1217,Ben,Smith,40,Sales,99896
1218,Usha,Cooper,54,Engineering,108332
1219,Omar,Williams,53,Marketing,66531
1220,Cody,Garcia,36,Marketing,93103
1221,Gina,Bailey,47,Engineering,84110
1222,Zoe,Green,60,Engineering,80463
1223,Hank,King,53,Engineering,94518
1224,Eva,Williams,27,Engineering,93910
1225,Liam,White,39,Sales,74905
1226,Eli,Morris,27,Finance,68530
1227,Charlie,Smith,28,Marketing,71902
1228,Uma,Rivera,33,Sales,76135
1229,Finn,Johnson,52,Marketing,87867
1230,Frank,Reed,41,HR,87597
1231,Dina,Lee,44,HR,106837
1232,Ted,Davis,24,Finance,107039
1233,Vera,Perez,38,Marketing,75736
1234,Ivy,Lee,33,HR,110330
1235,Will,Davis,50,Finance,102420
1236,Uma,Cooper,41,Sales,77982
1237,Bella,Davis,55,Sales,102887
1238,Liam,Nelson,38,HR,97336
1239,Gina,Smith,55,Finance,72387
1240,Jill,Hall,29,Engineering,80132
1241,Abby,Bailey,35,HR,73780
1242,Ted,Edwards,28,Sales,70977
1243,Elle,Baker,50,Marketing,113564
1244,Kyle,Scott,30,Engineering,111127
1245,David,White,52,Marketing,113109
1246,Max,Bailey,59,Sales,72281
1247,Usha,Parker,38,Sales,95849
1248,Uma,White,45,Marketing,81975
1249,Rita,Walker,37,Marketing,74691
1250,Nina,Morgan,31,Marketing,103573
1251,Kate,Mitchell,43,Marketing,72181
1252,Ian,Richardson,56,Finance,64909
1253,Kyle,Edwards,47,HR,107721
1254,Liz,Smith,27,Marketing,96330
1255,Bob,Campbell,35,HR,65366
1256,Jill,Wright,30,Sales,102574
1257,Dean,Edwards,59,Marketing,74581
1258,Yuri,Jones,43,Sales,103633
1259,Jill,Davis,22,Sales,92095
1260,Ray,Lee,26,HR,67932
1261,Kate,Baker,59,Sales,111678
1262,Jill,Miller,24,Sales,88769
1263,Sue,Harris,36,Sales,101718
1264,Jack,Clark,60,Finance,66612
1265,Charlie,Wilson,54,Engineering,63880
1266,Zoe,Young,22,Marketing,90365
1267,Quinn,Lee,48,HR,99428
1268,Elle,Walker,48,Engineering,118867
1269,Ted,Davis,58,HR,65318
1270,Vera,Hernandez,48,Finance,61151
1271,Kate,Rogers,43,Sales,90630
1272,Hugo,Allen,24,HR,110540
1273,Frank,Morris,31,Finance,66761
1274,Ian,Adams,35,Sales,68560
1275,Wendy,White,36,HR,104098
1276,Hank,Campbell,54,HR,95249
1277,Olivia,Roberts,35,Marketing,82970
1278,Tina,Parker,60,Engineering,76195
1279,Hope,Taylor,51,HR,69092
1280,Liam,Hall,59,Marketing,104873
1281,Olivia,Williams,23,HR,60674
1282,Gary,Hernandez,34,HR,119260
1283,David,Nelson,50,HR,69673
1284,David,Hall,49,Marketing,86577
1285,Pam,King,41,Finance,85853
1286,Liam,Rivera,23,HR,113418
1287,Vera,Morris,57,Engineering,89343
1288,Quinn,Smith,27,Marketing,101078
1289,Paul,Adams,22,HR,76503
1290,Bob,Taylor,51,Sales,99467
1291,Frank,Richardson,31,Finance,84952
1292,Grace,Thompson,57,Marketing,67884
1293,Ray,Anderson,48,Finance,105270
1294,Sue,Morris,25,Sales,89050
1295,Faye,Brown,43,Marketing,63275
1296,Ian,Miller,55,Engineering,69888
1297,Ben,Mitchell,54,Sales,112575
1298,Paul,Adams,28,Engineering,90501
1299,Olivia,Thompson,44,Finance,110789
1300,Uma,Anderson,59,Finance,78828
1301,Zane,Anderson,42,Sales,109688
1302,Nina,Cook,32,Sales,107805
1303,Jack,Martin,30,Sales,90219
1304,Nate,Adams,52,Engineering,98361
1305,Liam,Edwards,25,Finance,72324
1306,Mona,Carter,23,HR,90995
1307,Pam,Cook,27,HR,75157
1308,Eva,Turner,53,HR,68325
1309,Yara,Reed,28,Marketing,78121
1310,Hank,Nelson,32,Sales,106692
1311,Zoe,Taylor,50,Finance,115204
1312,Dina,Hall,25,Marketing,103481
1313,Gary,Lee,52,Sales,71740
1314,Frank,Wright,32,Engineering,102514
1315,Wendy,Clark,39,Finance,100309
1316,Eva,Mitchell,27,Engineering,116328
1317,Yara,Nelson,36,HR,100570
1318,Max,Collins,34,Engineering,111432
1319,Uma,Lee,38,Marketing,81067
1320,Zoe,Rivera,50,Finance,81024
1321,Yara,Smith,29,Engineering,99443
1322,Mona,Moore,54,Sales,67482
1323,Paul,Morgan,25,Marketing,97993
1324,Max,Davis,41,Marketing,110917
1325,Rita,Mitchell,38,Marketing,115463
1326,Finn,Hall,39,Finance,96499
1327,Rita,Thompson,57,HR,76261
1328,Xena,Bell,53,Engineering,111877
1329,Nina,Campbell,55,HR,88069
1330,Jack,Edwards,26,HR,89526
1331,Faye,Thompson,45,Engineering,98882
1332,Usha,Reed,37,Finance,68873
1333,Vera,White,35,Finance,96493
1334,Zoe,Green,34,Engineering,115522
1335,David,Carter,55,Engineering,84822
1336,Ian,White,35,Sales,63258
1337,Nina,Brown,54,Engineering,101299
1338,Gary,Clark,49,Engineering,67542
1339,Rita,Edwards,51,Engineering,88364
1340,Omar,Reed,50,Finance,64320
1341,Faye,Richardson,35,Finance,110979
1342,Dina,Richardson,54,Engineering,118824
1343,Kyle,Morris,23,Engineering,114624
1344,Dean,Adams,43,Marketing,66937
1345,David,Clark,25,Finance,82554
1346,Grace,Johnson,38,Finance,77493
1347,Liam,Johnson,25,Sales,89165
1348,Gina,Phillips,43,Marketing,102872
1349,Eva,Martinez,24,Sales,103935
1350,Yara,Martinez,44,Engineering,91050
1351,Bella,Johnson,51,Marketing,102808
1352,Dean,Murphy,49,Engineering,81656
1353,Paul,Hernandez,31,Engineering,94283
1354,Ian,Adams,50,Engineering,64550
1355,Zoe,Cooper,41,Finance,89585
1356,Paul,Rivera,58,Finance,105064
1357,Charlie,Lee,33,Sales,96101
1358,Vera,Rivera,46,HR,89764
1359,Yara,Wright,55,HR,100893
1360,Finn,Martinez,24,Engineering,102330
1361,Faye,Phillips,32,Engineering,80060
1362,Vin,Evans,58,HR,115543
1363,Vin,Moore,25,Engineering,67780
1364,Rita,Moore,31,Sales,69691
1365,Dean,Anderson,56,Sales,68728
1366,Vin,King,44,HR,72008
1367,Abby,Walker,30,HR,69254
1368,Rita,Sanchez,56,Sales,69735
1369,Dean,Nelson,26,Engineering,94148
1370,Kyle,Adams,44,Sales,106415
1371,Cara,Anderson,56,Sales,69060
1372,Ted,Davis,53,Sales,80629
1373,Finn,Morgan,35,Marketing,111501
1374,Ian,Cooper,47,HR,95828
1375,Will,Evans,27,Marketing,62343
1376,David,Nelson,39,HR,88687
1377,Ben,Lee,40,Engineering,80988
1378,Paul,Edwards,54,Finance,114855
1379,Cody,Morris,32,Sales,63017
1380,Charlie,Mitchell,40,Finance,106581
1381,Ted,Reed,27,Marketing,119161
1382,Alice,Thomas,49,Sales,97276
1383,Jack,Collins,53,HR,66855
1384,Cody,Thompson,43,Engineering,111873
1385,Cody,Smith,48,Marketing,96325
1386,Pam,Baker,37,Sales,108359
1387,Max,Parker,26,Sales,61123
1388,Xander,Lewis,29,Sales,98890
1389,Olivia,Martin,32,HR,111604
1390,Eli,Cook,41,Sales,80894
1391,Finn,Cooper,52,HR,100732
1392,Ted,Anderson,47,Finance,86688
1393,Uma,Lewis,44,Engineering,106131
1394,Vera,Smith,39,Finance,87507
1395,Ian,Richardson,54,Marketing,84029
1396,Liam,Richardson,39,Sales,65460
1397,Frank,Turner,31,Finance,93217
1398,Nate,Brown,42,Finance,86165
1399,Liam,King,55,Sales,75188
1400,Omar,Edwards,25,Finance,104124
1401,Nina,Garcia,50,Sales,109351
1402,Ray,Roberts,34,Sales,75965
1403,Uma,Morgan,33,HR,78691
1404,Liam,Thompson,35,Finance,75463
1405,Jill,Martinez,59,Engineering,72890
1406,Gary,Anderson,36,Marketing,73463
1407,Ian,Lopez,32,HR,85016
1408,Uma,Martin,28,Finance,73798
1409,Sam,Morgan,38,Marketing,119278
1410,Ivy,Sanchez,22,Finance,110044
1411,Max,Nelson,29,Engineering,73603
1412,Nina,Thomas,42,HR,101758
1413,Ted,Reed,48,Marketing,65664
1414,Ivy,Murphy,39,Marketing,99770
1415,Kate,Green,46,Engineering,73635
1416,Yuri,Sanchez,59,Sales,101147
1417,Abby,Bailey,42,Finance,69932
1418,Will,Thomas,23,Engineering,89188
1419,Cara,Thompson,42,Marketing,85408
1420,Finn,Williams,43,Engineering,109236
1421,Cody,Miller,59,Finance,67114
1422,Charlie,Moore,57,HR,91279
1423,Ted,Lee,36,Marketing,107766
1424,Rita,King,50,Sales,72350
1425,David,Reed,37,Marketing,97310
1426,Jack,Evans,51,HR,78044
1427,Will,Turner,29,HR,115287
1428,Olivia,Jackson,36,Sales,107734
1429,Iris,Young,22,Finance,76261
1430,Pam,Sanchez,40,Engineering,78934
1431,Nina,Morris,31,Sales,108614
1432,Rita,Moore,59,Engineering,103253
1433,Sam,Hall,52,Sales,64043
1434,Usha,Perez,49,Marketing,116107
1435,Kyle,Clark,54,HR,89754
1436,Bob,Rogers,53,Finance,64982
1437,Nate,Smith,49,Sales,89070
1438,Eli,Miller,25,Finance,88697
1439,Gary,Clark,29,Finance,89392
1440,Cody,Moore,44,HR,82488
1441,Kate,Miller,37,HR,117085
1442,Jill,Johnson,58,Finance,106754
1443,Usha,Phillips,36,Engineering,64372
1444,Hope,Martinez,51,Engineering,104619
1445,Mona,Mitchell,39,Engineering,87639
1446,Ted,Martin,24,Sales,65180
1447,Cody,Collins,27,HR,97903
1448,Sue,Roberts,25,Sales,118252
1449,Olivia,Johnson,35,HR,105696
1450,Bella,Stewart,23,HR,89323
1451,Grace,Scott,28,Finance,113686
1452,Vin,Murphy,25,Finance,87439
1453,Nina,Green,49,Sales,111000
1454,Omar,Jackson,28,Engineering,100206
1455,Max,Thomas,47,HR,94016
1456,Finn,Phillips,43,Finance,61754
1457,Mona,Phillips,40,Engineering,108254
1458,Yuri,Morris,24,Finance,108848
1459,Hank,Carter,56,Marketing,83462
1460,Max,Edwards,26,Finance,93540
1461,Ben,Bell,25,Sales,63478
1462,Tina,Cook,22,HR,87414
1463,Uma,Hall,50,Sales,63509
1464,Hope,Carter,49,HR,116339
1465,Finn,Nelson,31,Sales,65020
1466,Alice,Thompson,47,HR,74861
1467,Omar,Scott,24,Marketing,67012
1468,Tina,Garcia,38,Finance,111922
1469,Jill,Richardson,40,HR,103556
1470,Dean,Campbell,34,Marketing,88942
1471,Vin,Anderson,57,Engineering,68150
1472,Olivia,Cooper,60,Marketing,110810
1473,Tina,White,50,Sales,86722
1474,Frank,Martinez,25,Engineering,75195
1475,Omar,Mitchell,54,Sales,104751
1476,Nate,Stewart,38,Marketing,88100
1477,Frank,Lewis,43,Engineering,106549
1478,Tina,Campbell,47,Engineering,84828
1479,Xander,Johnson,44,Sales,110041
1480,Abby,Baker,26,Finance,77743
1481,Jack,Murphy,45,Finance,98249
1482,Gina,Baker,37,Sales,65505
1483,Gary,Nelson,47,Marketing,92515
1484,Ian,Adams,26,HR,79686
1485,Zane,Edwards,31,Sales,67414
1486,Kyle,Scott,23,HR,107830
1487,Ted,Martinez,22,Sales,94572
1488,Paul,Rogers,47,HR,98396
1489,Max,Morgan,42,HR,74532
1490,Vera,Jones,58,Engineering,102811
1491,Tina,Anderson,59,Sales,80208
1492,Uma,Turner,45,Finance,98870
1493,Ben,Phillips,45,HR,98001
1494,Omar,Lee,25,Marketing,103951
1495,Eli,Perez,51,Engineering,110872
1496,Ian,Lewis,43,Sales,87483
1497,Cody,Mitchell,37,Finance,67702
1498,Ray,Phillips,60,Finance,75009
1499,Vin,Brown,29,Engineering,67492
1500,Bella,Murphy,42,Finance,100596
1501,Adam,Hall,34,Finance,100559
1502,Nate,Campbell,26,Marketing,67164
1503,Wendy,Lewis,57,Sales,82066
1504,Jill,Garcia,47,Sales,90635
1505,Xander,Lopez,59,Finance,102357
1506,Frank,Hall,57,Sales,96295
1507,Vin,Thompson,46,Finance,66686
1508,Quinn,Baker,46,Sales,77551
1509,Omar,Wright,22,Engineering,108020
1510,Olivia,Thomas,30,Marketing,117189
1511,Cara,Thomas,56,Engineering,93087
1512,Uma,Rogers,52,Sales,105261
1513,Nate,Murphy,60,Marketing,100196
1514,Abby,Reed,40,Marketing,87657
1515,Cara,Jackson,23,Marketing,85266
1516,Wendy,Reed,23,Finance,88450
1517,Zoe,Martin,40,HR,97890
1518,Ivy,Clark,34,HR,102042
1519,Mona,Lee,23,Engineering,103637
1520,Iris,Murphy,41,Finance,85485
1521,Pam,Wright,44,Marketing,69389
1522,Ted,Lee,36,Engineering,65414
1523,Cara,Morgan,58,Engineering,67912
1524,Cara,Perez,25,Sales,97929
1525,Bob,Miller,60,Engineering,88645
1526,Vera,Miller,45,HR,76124
1527,Pam,Williams,51,Sales,83695
1528,David,Morris,49,Sales,104393
1529,Tina,Campbell,49,Engineering,112727
1530,Ian,Nelson,38,Sales,72082
1531,Mona,Clark,47,Sales,84987
1532,Max,Harris,40,Engineering,84070
1533,Mona,Morris,34,HR,111365
1534,Hugo,Baker,59,Marketing,89474
1535,Iris,Rivera,47,HR,92238
1536,Vera,Nelson,54,Sales,104560
1537,Gina,Walker,52,Marketing,61532
1538,Tina,Cook,40,Finance,83562
1539,Alice,Smith,52,Engineering,78639
1540,Eli,Walker,59,Finance,103020
1541,Xander,Wilson,55,Finance,89565
1542,Ted,Edwards,44,Marketing,68140
1543,Zoe,Taylor,40,Finance,105294
1544,Sue,Morgan,56,Marketing,64665
1545,Eva,Cook,31,Finance,75412
1546,Max,White,34,Engineering,82152
1547,Tina,Anderson,54,Finance,110142
1548,Yuri,Lopez,38,HR,96660
1549,Liam,Johnson,34,Finance,72694
1550,Finn,Hall,52,Finance,65570
1551,Xander,Adams,35,Finance,98289
1552,Eva,Morris,34,Finance,83921
1553,Eva,Garcia,25,HR,81453
1554,David,Sanchez,41,HR,87104
1555,Kate,Allen,33,Marketing,69421
1556,Vera,Sanchez,24,Finance,94104
1557,Hugo,Cook,34,Marketing,99764
1558,Rita,Williams,54,Engineering,109737
1559,Eva,Hernandez,52,Finance,113052
1560,Nina,Miller,50,Finance,107615
1561,Ivy,Wright,40,Sales,81142
1562,Cody,Taylor,54,Marketing,81203
1563,Charlie,Turner,37,Sales,64941
1564,Abby,Young,23,Sales,70017
1565,Rita,Parker,53,Engineering,65662
1566,Ian,Brown,39,Sales,63945
1567,Quinn,Clark,36,Marketing,77764
1568,Dean,Collins,23,Marketing,91457
1569,Zane,Green,50,Marketing,64900
1570,Will,Reed,47,Finance,69367
1571,Max,Perez,25,Engineering,70649
1572,Max,Wright,29,Engineering,89968
1573,Elle,Moore,47,Marketing,76399
1574,Nina,Stewart,28,Engineering,113711
1575,Quinn,Evans,30,Finance,85129
1576,Pam,Edwards,41,Marketing,92016
1577,Charlie,Wright,31,Finance,80058
1578,Charlie,Mitchell,52,Finance,106723
1579,Sam,Williams,42,Finance,97450
1580,Gina,Martinez,36,Finance,62372
1581,Eli,Scott,28,HR,73482
1582,Ivy,Green,43,Engineering,87616
1583,Eli,Bailey,51,Finance,115355
1584,Yuri,Davis,36,HR,106777
1585,Jack,Martinez,24,HR,107556
1586,Eva,Roberts,32,Marketing,108387
1587,Hope,Smith,42,HR,66575
1588,Ben,Cooper,28,Finance,96702
1589,Abby,Rogers,51,Engineering,118172
1590,Wendy,Jackson,49,Marketing,78862
1591,Hank,Hernandez,46,Marketing,74159
1592,Omar,Collins,22,Sales,68602
1593,Olivia,Johnson,58,Marketing,98622
1594,Jill,Walker,42,Finance,73411
1595,Ben,Young,28,HR,87681
1596,Hank,Taylor,27,Engineering,72276
1597,Finn,Collins,31,Sales,94058
1598,Bella,Reed,43,HR,90443
1599,Olivia,Roberts,41,HR,74465
1600,Zane,Lee,41,Finance,105461
1601,Cara,Campbell,37,HR,99002
1602,Adam,Young,51,Engineering,94116
1603,Elle,Baker,47,Sales,83033
1604,Kate,Clark,27,Marketing,109162
1605,Will,Richardson,38,Marketing,65180
1606,Charlie,Evans,57,Sales,66728
1607,Adam,Green,46,Sales,113916
1608,Vera,Taylor,51,Marketing,71273
1609,Grace,Bailey,45,HR,96121
1610,Jack,Bell,51,HR,89198
1611,Gary,Lopez,48,Marketing,119686
1612,Hugo,Nelson,46,HR,113237
1613,Max,Bell,27,Marketing,73387
1614,Dean,Lewis,50,Engineering,103560
1615,Bob,Allen,32,Marketing,96135
1616,Abby,Anderson,32,Engineering,118825
1617,Dina,Bailey,48,Engineering,73327
1618,Will,Richardson,47,HR,113077
1619,Zoe,Thompson,58,Marketing,102983
1620,Yuri,Morgan,55,HR,91035
1621,Finn,Carter,28,Engineering,62180
1622,Dina,Harris,55,HR,93527
1623,Hugo,Stewart,47,Marketing,111766
1624,Quinn,Cooper,58,Sales,81288
1625,Usha,Nelson,43,HR,110125
1626,Hank,Phillips,44,Engineering,118701
1627,David,Campbell,34,Sales,62816
1628,Usha,Thompson,32,HR,108354
1629,Pam,Jones,32,Marketing,79071
1630,Grace,Jackson,38,Marketing,102984
1631,Hope,Lewis,55,Marketing,74436
1632,Zane,Edwards,45,Sales,88944
1633,Cody,Morgan,51,Finance,107936
1634,Xander,Clark,25,Engineering,108324
1635,Ben,Lee,32,HR,111841
1636,Faye,Cooper,60,Sales,70926
1637,Nate,Brown,47,Finance,95602
1638,Yara,Moore,48,HR,116916
1639,Pam,Allen,48,Engineering,71448
1640,Grace,Lopez,58,Finance,75459
1641,Kyle,Johnson,28,Marketing,68024
1642,Olivia,Collins,30,Finance,61996
1643,Adam,Nelson,30,HR,76553
1644,Eva,Evans,48,Engineering,84040
1645,Yuri,White,52,Engineering,71289
1646,Jill,Wilson,46,Engineering,114716
1647,Uma,Taylor,24,Engineering,102405
1648,Bob,Morris,45,Marketing,99283
1649,Jack,Martinez,42,Sales,70658
1650,Kyle,Bailey,48,Engineering,75848
1651,Yuri,Rivera,50,Finance,96651
1652,Ben,Harris,50,Finance,68370
1653,Cody,Sanchez,38,Finance,95142
1654,Will,Rogers,46,Sales,86350
1655,Max,Lewis,34,HR,76817
1656,Ben,Rogers,54,Engineering,117904
1657,Hope,Sanchez,53,HR,109583
1658,Rita,Lopez,43,Sales,73656
1659,Yara,Perez,44,Engineering,104179
1660,Zoe,Cook,35,HR,111973
1661,Ian,Lee,58,Sales,92593
1662,Paul,Harris,38,Finance,96465
1663,Bella,Walker,31,HR,80835
1664,Hank,Taylor,49,Marketing,82301
1665,Tina,Jackson,27,HR,70455
1666,Abby,Anderson,35,Marketing,77987
1667,Sue,Young,56,Marketing,69451
1668,Bella,Brown,34,Finance,68130
1669,Xena,Davis,56,Finance,81438
1670,Max,Martin,56,HR,87682
1671,Usha,Morgan,57,HR,95697
1672,Gina,Young,24,Marketing,99256
1673,Wendy,Baker,44,HR,66474
1674,Alice,Jones,39,Finance,81405
1675,Sam,Perez,40,Marketing,82889
1676,Sam,Allen,27,HR,63396
1677,Grace,Thompson,35,Finance,81710
1678,Iris,Allen,35,HR,81233
1679,Rita,Cooper,33,Sales,108127
1680,Zoe,Harris,55,Engineering,97238
1681,Zane,Taylor,54,Sales,117993
1682,Liz,Stewart,33,Sales,74642
1683,Jill,Carter,49,Engineering,76964
1684,Vera,Rivera,52,Sales,77982
1685,Alice,Hall,33,Marketing,65998
1686,Max,Anderson,60,Engineering,82473
1687,Adam,Hernandez,52,HR,79060
1688,Frank,Roberts,45,HR,84569
1689,Usha,Martin,53,Marketing,73378
1690,Cody,Bailey,28,Engineering,69126
1691,Omar,Jackson,46,Finance,99538
1692,Xena,Green,27,Marketing,104127
1693,Ted,Cooper,38,Marketing,87656
1694,Liam,Walker,29,Engineering,96226
1695,Hope,Walker,27,Sales,109954
1696,Ivy,Garcia,46,HR,102311
1697,Liam,Nelson,27,Finance,115179
1698,Grace,Roberts,43,Engineering,93870
1699,Jill,Smith,46,HR,104764
1700,Liam,Rogers,37,Finance,69869
1701,Liam,Jackson,27,Sales,95629
1702,Will,Collins,36,Sales,63028
1703,Olivia,Murphy,57,Sales,82868
1704,Jill,Adams,44,Marketing,72522
1705,Tina,Wright,29,Marketing,77944
1706,Dean,Rivera,29,HR,94053
1707,Charlie,Richardson,27,Marketing,117937
1708,Hugo,Jackson,47,Finance,95911
1709,Alice,Allen,50,Engineering,109694
1710,Sue,Martinez,29,Engineering,100825
1711,Alice,Thomas,22,Engineering,113861
1712,Alice,Phillips,51,Finance,118669
1713,Mona,Brown,27,Sales,65702
1714,Nina,Parker,22,Sales,88203
1715,Vin,Lee,24,Sales,110518
1716,Frank,Jackson,42,HR,100718
1717,Kate,Taylor,33,Marketing,106654
1718,Alice,Jackson,39,HR,66498
1719,Kyle,Rogers,52,Sales,95865
1720,Ivy,Carter,28,Engineering,80102
1721,Abby,Young,56,Sales,76099
1722,Usha,Phillips,29,HR,63534
1723,Zoe,Allen,38,Marketing,71238
1724,Gary,Phillips,42,Engineering,116185
1725,Bob,Martinez,53,HR,90268
1726,Ben,Turner,49,Sales,68132
1727,Tina,Bell,43,Engineering,67815
1728,Iris,Morris,26,HR,79433
1729,Gina,Hernandez,38,Marketing,117855
1730,Bob,Morris,56,Sales,64982
1731,Vin,Martinez,46,Marketing,115301
1732,Vin,Roberts,25,Engineering,76084
1733,Mona,White,40,Sales,112131
1734,Gary,Mitchell,40,HR,85206
1735,Iris,Collins,53,Marketing,68667
1736,Zane,Wright,43,Sales,100002
1737,Max,Bell,46,Finance,63698
1738,Tina,Martinez,51,Engineering,109586
1739,Rita,Sanchez,43,Marketing,113866
1740,Olivia,Phillips,44,Sales,84339
1741,Rita,Thomas,30,Marketing,118405
1742,Cody,Cook,55,HR,75097
1743,Cara,Collins,47,Sales,116281
1744,Yara,Jones,42,Finance,97198
1745,Frank,Lewis,46,Sales,74035
1746,Hank,Jackson,57,Finance,73780
1747,Jill,Bell,48,Finance,106608
1748,Bella,Green,49,Finance,112948
1749,Abby,Baker,32,Sales,87180
1750,Liam,Martinez,28,Sales,107803
1751,Adam,Miller,50,Engineering,74047
1752,Hugo,Reed,54,Engineering,85848
1753,Gina,White,36,Sales,100383
1754,Omar,Rogers,52,Sales,84985
1755,Quinn,Morris,48,Engineering,72716
1756,Quinn,Baker,39,Sales,73333
1757,Ivy,Carter,26,Finance,89006
1758,Cara,Bailey,40,Engineering,73130
1759,David,Williams,55,Finance,64210
1760,Jack,Rogers,59,Finance,65768
1761,Gary,Edwards,33,Engineering,64686
1762,Usha,Wilson,59,Marketing,118059
1763,Zane,Stewart,41,Marketing,97452
1764,Dean,Baker,52,Finance,108374
1765,Finn,Clark,24,Sales,107528
1766,Ian,Phillips,39,Marketing,68211
1767,Eli,Roberts,40,Engineering,119131
1768,Ivy,Clark,46,Finance,110529
1769,Paul,Hall,23,Sales,87306
1770,Grace,Taylor,30,Sales,108514
1771,Liz,Thomas,29,Sales,60345
1772,Vera,Carter,55,Finance,72456
1773,Yara,Thompson,50,HR,91142
1774,Jill,Garcia,43,Engineering,68072
1775,Liz,Roberts,26,Sales,105363
1776,Paul,Scott,55,Sales,69949
1777,David,Wright,22,HR,82678
1778,Ian,Garcia,54,Engineering,86244
1779,Frank,Perez,26,Sales,65318
1780,Cara,Edwards,56,Sales,91101
1781,Max,Moore,53,Marketing,78195
1782,Charlie,Turner,40,Finance,119282
1783,Charlie,Taylor,57,Engineering,61964
1784,Bob,Nelson,35,Marketing,92225
1785,Tina,Sanchez,49,Marketing,102524
1786,Adam,Smith,32,Marketing,114795
1787,Xander,Taylor,53,Marketing,119882
1788,Ben,Campbell,43,Finance,85643
1789,Max,Moore,27,HR,93899
1790,Ray,Cooper,22,HR,83172
1791,Gary,Wilson,27,Finance,111247
1792,Quinn,Sanchez,33,Sales,95750
1793,Gina,Turner,54,Marketing,90680
1794,Liz,Scott,57,Engineering,65828
1795,Tina,Garcia,48,HR,108521
1796,Sam,Sanchez,56,Marketing,90096
1797,Wendy,Turner,52,Sales,115537
1798,Abby,Adams,31,Engineering,75410
1799,Vera,Evans,30,HR,79484
1800,Cody,Lopez,55,Finance,107166
1801,Bella,Parker,29,Marketing,60972
1802,Dina,Harris,60,HR,101995
1803,Iris,Moore,33,Sales,77287
1804,Zoe,Adams,28,Sales,99022
1805,Jill,Clark,32,Engineering,119806
1806,Tina,Young,46,Engineering,82724
1807,Usha,Williams,23,Finance,65631
1808,Faye,Johnson,36,Sales,66770
1809,Olivia,Lopez,30,Finance,85772
1810,Ian,Green,40,Finance,116599
1811,Wendy,Campbell,29,Sales,69762
1812,Xena,Scott,33,Engineering,86565
1813,Faye,White,43,Marketing,118326
1814,Mona,Campbell,54,Marketing,108882
1815,Rita,Sanchez,24,Sales,93088
1816,Bob,Brown,58,Finance,65176
1817,Nina,Campbell,39,HR,76264
1818,Sue,King,60,Engineering,90562
1819,Gary,Turner,26,Finance,60179
1820,Kate,Nelson,56,Finance,92351
1821,Charlie,Clark,53,Engineering,100872
1822,Alice,Allen,28,Marketing,71434
1823,Omar,Miller,40,Marketing,88263
1824,Sam,Martinez,55,Sales,86441
1825,Hugo,Baker,48,Engineering,104430
1826,Liam,King,34,Sales,113913
1827,Adam,Lopez,35,Engineering,65825
1828,Yara,Johnson,45,Marketing,73596
1829,Nina,Stewart,51,Engineering,108287
1830,Iris,Johnson,57,Sales,110129
1831,Finn,Morris,60,Finance,102756
1832,Dina,Adams,52,Marketing,86050
1833,Uma,Brown,51,Marketing,117494
1834,Jack,Allen,46,Finance,81267
1835,Hugo,Nelson,24,Finance,105357
1836,Abby,King,31,Engineering,82361
1837,Zane,Garcia,32,Marketing,72849
1838,Yara,Williams,23,Finance,93331
1839,Eli,Cook,46,Engineering,65819
1840,Vera,Martin,28,Finance,117497
1841,Frank,Thomas,53,Finance,63070
1842,Zoe,Jackson,58,Marketing,79653
1843,Finn,Turner,48,Sales,117724
1844,Iris,Stewart,26,HR,112410
1845,Usha,Johnson,38,Engineering,71172
1846,Jill,Wright,34,Marketing,117196
1847,Alice,Phillips,39,HR,72406
1848,Ivy,Rivera,57,Finance,91040
1849,Paul,Evans,44,Sales,114548
1850,Hank,Martin,32,Marketing,64376
1851,Bob,Walker,24,Sales,86246
1852,Abby,Green,47,Engineering,65692
1853,Jack,Garcia,39,Finance,90546
1854,Xena,Rivera,27,Finance,76866
1855,Liam,Green,48,Marketing,98929
1856,Pam,Stewart,59,Engineering,62354
1857,Bella,Stewart,39,Finance,79487
1858,Uma,Parker,39,Finance,118964
1859,Faye,Thomas,51,Finance,91852
1860,Elle,Morgan,44,Engineering,93044
1861,Alice,Campbell,23,Sales,108544
1862,Tina,Stewart,52,HR,110452
1863,Cody,Lewis,27,Sales,106577
1864,Pam,Richardson,59,Engineering,96826
1865,Sam,Lee,47,Marketing,69805
1866,Will,Roberts,52,HR,85921
1867,Ray,Nelson,30,HR,66100
1868,Ted,Morgan,34,Engineering,109493
1869,Yuri,Walker,40,Finance,87017
1870,Sam,Davis,40,Engineering,79141
1871,Dina,Wright,39,Marketing,87461
1872,Liam,Edwards,28,Finance,78691
1873,Ian,Martinez,22,Finance,104866
1874,Hank,Martinez,52,Finance,89622
1875,Xena,Stewart,23,Sales,72688
1876,Kyle,Reed,48,Engineering,104031
1877,Uma,Morgan,22,HR,94659
1878,Charlie,Rivera,57,Finance,79105
1879,Hank,Harris,60,Finance,79185
1880,Hope,Thomas,34,Finance,72058
1881,Ray,Collins,46,Sales,101833
1882,Elle,Cook,36,HR,118122
1883,Wendy,Hernandez,45,Marketing,72441
1884,Will,Lewis,54,Finance,66518
1885,Eli,Bell,30,HR,110153
1886,Zoe,Lopez,55,Marketing,90153
1887,Eva,Davis,48,Finance,108084
1888,Hank,Carter,60,Sales,85640
1889,Cody,Campbell,37,Sales,85675
1890,Yara,Green,44,Marketing,116746
1891,Elle,Wright,26,Finance,63080
1892,Finn,Taylor,43,Marketing,76090
1893,Vin,Martinez,49,Engineering,72523
1894,Bob,Jones,35,HR,118407
1895,Wendy,Lee,25,Marketing,97740
1896,Xena,Harris,34,Engineering,80562
1897,Dina,Garcia,33,Marketing,92866
1898,Zane,Brown,58,Marketing,73622
1899,Uma,Murphy,56,HR,117598
1900,Ben,Clark,39,Finance,96318
1901,Grace,Cook,56,Finance,113255
1902,Wendy,Lee,44,Finance,77225
1903,Frank,Lewis,50,Marketing,107597
1904,Frank,Cooper,39,Finance,79585
1905,Nina,Thomas,58,Finance,69619
1906,David,Hall,25,Finance,86973
1907,Bella,Miller,39,Engineering,119875
1908,Ian,Carter,36,Finance,89614
1909,Elle,Morris,53,Marketing,113319
1910,Zane,Parker,55,HR,60286
1911,Zoe,Brown,51,HR,107581
1912,Liz,Lee,48,Marketing,70246
1913,Mona,Cooper,51,Sales,75760
1914,Abby,Hall,23,Sales,77007
1915,Liam,Walker,40,Marketing,71161
1916,Uma,Thompson,50,HR,113982
1917,Gary,Mitchell,46,HR,101703
1918,Ray,Lee,26,Sales,104091
1919,Rita,Lopez,35,Marketing,93837
1920,Tina,Bailey,48,Engineering,71529
1921,Rita,Williams,52,Sales,110295
1922,Nate,Campbell,58,Marketing,100616
1923,Rita,Carter,52,Finance,89092
1924,Hugo,Hernandez,60,Sales,106509
1925,Ian,Taylor,25,HR,109810
1926,Yara,Clark,54,Finance,114350
1927,Ivy,Cook,58,Marketing,92034
1928,Grace,Edwards,22,Engineering,69111
1929,Quinn,Brown,23,Engineering,65316
1930,Charlie,Moore,35,Sales,63935
1931,Grace,Rogers,34,Finance,86900
1932,Sam,Carter,38,Engineering,110967
1933,Ben,Bailey,32,Marketing,69394
1934,Gina,Young,39,Finance,102524
1935,Pam,Anderson,53,Sales,99472
1936,Max,Allen,25,Sales,80274
1937,Yara,Morgan,54,Sales,70869
1938,Vera,Mitchell,56,Engineering,95756
1939,Quinn,Miller,39,HR,102519
1940,Olivia,Perez,34,Engineering,115687
1941,Kate,Richardson,59,Marketing,66342
1942,Hank,Jones,28,Finance,80635
1943,Dina,Moore,49,Finance,97291
1944,Cara,Turner,28,Finance,104015
1945,Tina,Martinez,41,Marketing,76697
1946,Hope,Miller,46,HR,63151
1947,Sam,Jackson,31,Engineering,106294
1948,Pam,Hernandez,38,Finance,63848
1949,Nina,Martinez,39,HR,118975
1950,Adam,Moore,51,HR,88900
1951,Gina,Cook,39,Marketing,83980
1952,Kate,Lopez,41,Sales,79331
1953,Vin,Bell,24,Finance,91734
1954,Nina,Bailey,31,Marketing,114775
1955,Hope,Evans,32,Engineering,94936
1956,Vera,Adams,26,Finance,73975
1957,Ian,Davis,37,Marketing,86416
1958,Hank,Hall,39,Sales,95057
1959,Hugo,Campbell,55,Sales,115979
1960,Eli,Thompson,32,Sales,78842
1961,Charlie,Green,42,Finance,77814
1962,Zoe,Rogers,33,HR,93778
1963,Xena,Reed,28,Engineering,69829
1964,Yara,Baker,49,Marketing,88216
1965,Vin,Adams,31,Sales,104600
1966,Abby,Thomas,25,HR,117682
1967,Cara,White,48,Engineering,78089
1968,Zoe,Jackson,56,Finance,80499
1969,Frank,Hernandez,51,Finance,117711
1970,Liam,Jones,58,Marketing,98180
1971,Jack,Thomas,41,Sales,66043
1972,Dina,Green,57,Engineering,65484
1973,Dina,Morris,23,HR,112035
1974,Gina,King,47,Marketing,102853
1975,Eli,Thompson,29,Sales,94536
1976,Jill,Lewis,32,HR,116516
1977,Finn,Carter,40,Engineering,88728
1978,Ben,Martin,58,Engineering,114121
1979,Gina,Johnson,27,Sales,115596
1980,Jill,Morgan,48,Engineering,96506
1981,Liz,Lewis,27,HR,74392
1982,Liz,Davis,35,Marketing,97379
1983,Dina,Hall,51,HR,91891
1984,Hank,Wright,25,Marketing,108881
1985,Ray,Parker,51,Engineering,100528
1986,Quinn,Scott,39,HR,117658
1987,Gina,Phillips,56,Sales,108789
1988,Xander,Rogers,28,Marketing,87006
1989,Zoe,Williams,41,Engineering,60470
1990,Yara,Sanchez,59,Finance,87147
1991,Uma,Rivera,47,HR,112315
1992,Liz,Lewis,53,HR,82494
1993,Sue,Bailey,44,Engineering,90135
1994,Rita,Johnson,42,Sales,77848
1995,Zoe,Martinez,34,Sales,69081
1996,Max,Wright,57,Marketing,104087
1997,Alice,Wilson,34,Finance,118658
1998,Liam,Murphy,46,HR,118802
1999,Charlie,Harris,25,Marketing,75257
2000,Yuri,Walker,32,HR,79875
2001,Iris,Murphy,41,HR,87034
2002,Pam,Thompson,50,Sales,92202
2003,Sue,Adams,55,Marketing,92245
2004,Xander,Hall,57,Finance,71889
2005,Paul,Miller,23,Sales,104383
2006,David,Walker,28,Marketing,73463
2007,Sue,Anderson,35,Engineering,67019
2008,Frank,White,54,Engineering,119615
2009,Olivia,Bailey,44,Sales,110373
2010,Usha,Green,43,Sales,82091
2011,Uma,Miller,51,Marketing,104316
2012,Xena,Turner,54,Marketing,106912
2013,Cara,Baker,26,Marketing,79347
2014,Bella,Jackson,26,Sales,108156
2015,Hope,Rivera,34,Engineering,107937
2016,Yara,Sanchez,22,Finance,102435
2017,Frank,Carter,32,Sales,80438
2018,Wendy,Nelson,49,Engineering,62166
2019,Eva,Harris,47,Finance,82286
2020,Cody,Campbell,39,Sales,60569
2021,Quinn,Wilson,26,HR,96569
2022,Elle,Rogers,33,Marketing,66512
2023,Zoe,White,27,Marketing,91840
2024,Gina,Williams,51,Marketing,64595
2025,Liz,Davis,40,Engineering,91807
2026,Hope,Murphy,48,Sales,115628
2027,Sam,White,25,HR,64758
2028,Charlie,Lewis,42,Marketing,101499
2029,Dina,Adams,39,Finance,115815
2030,Jill,Hernandez,23,Sales,62824
2031,Ian,Scott,35,Sales,104192
2032,Kate,Allen,55,Finance,113030
2033,Adam,Bailey,31,Engineering,94792
2034,David,Lopez,57,Engineering,76093
2035,Uma,Sanchez,37,Sales,85103
2036,Zane,Clark,44,Marketing,74981
2037,Mona,King,22,HR,83656
2038,Liam,Roberts,39,Marketing,108972
2039,Mona,Moore,52,Marketing,68748
2040,Liz,Allen,38,Marketing,119930
2041,Usha,Sanchez,59,Finance,73524
2042,Eli,Wright,27,Engineering,119666
2043,Iris,Taylor,50,HR,76024
2044,Nina,Martin,46,Engineering,95679
2045,Finn,Turner,39,Marketing,114625
2046,Jack,Taylor,23,Sales,98966
2047,Nate,Thompson,24,Engineering,78547
2048,Kyle,Allen,23,Marketing,65891
2049,Grace,Moore,60,Engineering,112121
2050,Gary,Roberts,36,Engineering,98059
2051,Iris,Bell,51,Engineering,83395
2052,Omar,Taylor,49,Finance,87729
2053,Zane,Bailey,49,Marketing,111100
2054,Hank,Wilson,58,HR,92115
2055,Gary,Baker,24,HR,96749
2056,Cody,Morgan,39,Finance,117945
2057,Gary,Phillips,35,Finance,80090
2058,Bella,Lee,44,Finance,89797
2059,Zoe,Young,46,Finance,114874
2060,Will,Young,35,Engineering,87948
2061,Finn,Lopez,48,Engineering,61535
2062,Gary,Reed,28,Marketing,101346
2063,Nate,Anderson,58,HR,64439
2064,Cody,Bell,34,Marketing,60724
2065,Sam,Bell,22,Marketing,81493
2066,Olivia,Turner,49,Finance,67840
2067,Elle,Stewart,24,HR,63788
2068,Paul,Lewis,55,Engineering,84959
2069,Zane,Rogers,26,HR,90873
2070,Quinn,Sanchez,39,Finance,61263
2071,Vin,Walker,36,Marketing,80932
2072,Ivy,Evans,30,Finance,112565
2073,Abby,Hernandez,60,Marketing,107773
2074,Sue,Bailey,51,HR,74504
2075,Bella,Scott,56,HR,71275
2076,David,Reed,32,Marketing,64662
2077,Alice,Richardson,25,HR,82918
2078,Liz,Phillips,22,Marketing,102972
2079,Charlie,Reed,50,Sales,100655
2080,Eva,Hall,60,Finance,95784
2081,Dean,Mitchell,46,Finance,103412
2082,Frank,Johnson,55,Engineering,101724
2083,Ian,Wright,39,HR,105090
2084,Hope,Edwards,31,HR,83731
2085,Frank,Wilson,24,Engineering,115444
2086,Hope,Bell,30,Engineering,65999
2087,Zoe,Rogers,54,HR,91987
2088,Cody,Miller,49,HR,76382
2089,Sam,Morris,56,Finance,109299
2090,Zane,Bell,57,Marketing,85120
2091,Nina,Jones,35,Sales,111307
2092,Ivy,Lopez,24,Finance,118518
2093,Ian,Richardson,38,Engineering,104082
2094,Ian,Brown,56,Engineering,116787
2095,Yuri,Smith,36,Marketing,84158
2096,Gina,Lewis,40,Marketing,60507
2097,Jack,Lopez,44,HR,80143
2098,Xena,Anderson,27,Finance,60955
2099,David,Reed,51,HR,104745
2100,Cara,Stewart,56,HR,110011
2101,Will,King,33,Marketing,69437
2102,Zoe,Bailey,40,HR,104340
2103,Abby,Hall,25,Engineering,72691
2104,Abby,Stewart,53,Engineering,66635
2105,Olivia,Walker,25,Engineering,74351
2106,Ray,Williams,58,Sales,105981
2107,Xena,Johnson,46,Engineering,80611
2108,Elle,Harris,43,Sales,69834
2109,Xena,Hernandez,32,Finance,79085
2110,Gina,Anderson,50,Sales,71017
2111,Sue,Perez,41,Marketing,89202
2112,Cara,Garcia,50,Finance,65566
2113,Rita,Miller,55,HR,107030
2114,Jack,Stewart,27,Marketing,63921
2115,Cody,Clark,32,Marketing,115528
2116,Hope,Evans,51,Sales,107324
2117,Jack,Taylor,45,Finance,84146
2118,Cody,White,42,HR,77118
2119,Sam,Carter,46,Engineering,94896
2120,Xena,Davis,36,Finance,60778
2121,Adam,Morgan,59,Marketing,75802
2122,Abby,Jones,42,Sales,89864
2123,Ted,Allen,38,Finance,118280
2124,Rita,Collins,38,HR,112946
2125,Hank,Scott,25,Engineering,88440
2126,Olivia,Taylor,37,Finance,114787
2127,Yuri,Jackson,41,Marketing,100763
2128,Quinn,Rivera,22,Sales,115649
2129,Faye,Murphy,47,HR,79689
2130,Eli,Cooper,56,Finance,69264
2131,Ray,Rogers,41,Marketing,102613
2132,Pam,Nelson,32,Engineering,90582
2133,Zane,Campbell,37,Sales,84456
2134,Ivy,Cooper,57,Engineering,98106
2135,Sue,Evans,57,Marketing,61725
2136,Will,Davis,26,Marketing,111703
2137,Adam,Green,38,Engineering,114821
2138,Elle,Davis,52,Sales,98727
2139,Hank,Lee,47,Sales,106703
2140,Vera,Jackson,33,Sales,104063
2141,Elle,Thomas,35,Engineering,87720
2142,Usha,Cooper,26,Marketing,81493
2143,Ted,Rivera,30,Engineering,100232
2144,Vin,Scott,27,Sales,65953
2145,Bella,Taylor,24,Finance,98466
2146,Gary,Garcia,24,HR,74757
2147,Zoe,Bell,44,Sales,104150
2148,Yuri,Brown,43,HR,112292
2149,Usha,Cook,37,HR,83613
2150,Hope,Johnson,26,Finance,88781
2151,Dina,Lee,32,Finance,66023
2152,Bella,Campbell,37,Marketing,65721
2153,Ray,Evans,54,Marketing,109844
2154,Frank,Collins,41,Finance,105552
2155,Zane,Richardson,49,Finance,100768
2156,Hank,Wright,48,Sales,88665
2157,Yuri,Baker,50,HR,87175
2158,Cara,Reed,57,Marketing,107587
2159,Cara,King,41,Sales,89803
2160,Gary,Williams,35,Engineering,86735
2161,Paul,Allen,46,Engineering,109722
2162,Nate,Garcia,45,Engineering,83375
2163,Jill,Martinez,54,Marketing,69495
2164,Eva,Richardson,45,Marketing,100159
2165,Jack,Edwards,47,Sales,117568
2166,Sam,Parker,55,HR,119798
2167,Yara,Martin,24,Sales,72693
2168,Bella,Parker,36,Finance,113945
2169,Paul,Nelson,50,HR,88764
2170,Will,Smith,22,Finance,71094
2171,Omar,Turner,51,Finance,96482
2172,Usha,Anderson,39,Finance,65510
2173,Pam,Collins,23,Engineering,106147
2174,Gina,Harris,44,Marketing,93697
2175,Gary,Rivera,27,HR,76633
2176,Omar,Jackson,22,Engineering,77991
2177,Kyle,Murphy,46,HR,67726
2178,Adam,Cooper,48,Finance,61371
2179,Hank,Mitchell,58,Marketing,113358
2180,Nina,Johnson,30,Marketing,117540
2181,Ted,Jones,33,Finance,115410
2182,Ted,Edwards,42,HR,69670
2183,Kate,Mitchell,37,Sales,83481
2184,Mona,Richardson,50,Sales,70777
2185,Hope,Walker,50,Marketing,96485
2186,Iris,Roberts,24,Finance,74008
2187,Gina,Reed,49,Marketing,94944
2188,Finn,Richardson,57,Finance,118885
2189,Frank,Bell,27,Sales,69622
2190,Eva,Thomas,56,HR,86486
2191,Zane,Wilson,44,Finance,72726
2192,David,Lee,60,Sales,65569
2193,Ian,Young,34,HR,111312
2194,Alice,Campbell,29,Sales,116250
2195,Ray,Martinez,60,Marketing,90967
2196,Iris,Martinez,22,Finance,70565
2197,Nate,Anderson,59,Sales,106459
2198,Uma,Garcia,25,Finance,67086
2199,Dina,Rogers,37,HR,111493
2200,Will,Perez,22,Sales,112741
2201,Bob,Martinez,28,Marketing,106358
2202,Jack,Stewart,36,Sales,110383
2203,Gary,Wright,39,HR,80693
2204,Uma,Harris,54,HR,84922
2205,Hugo,Wright,52,Finance,77641
2206,Bob,Allen,46,Marketing,88134
2207,Sue,Cook,39,Engineering,114151
2208,Xander,Brown,60,Engineering,116609
2209,Quinn,White,34,Sales,108257
2210,Pam,Phillips,22,Engineering,112305
2211,Xander,Wright,59,Sales,110811
2212,Yuri,Mitchell,25,Sales,84534
2213,Hank,Campbell,37,Marketing,71108
2214,Kate,Morgan,60,Sales,64079
2215,Uma,Anderson,44,Marketing,74954
2216,Bella,Jones,22,Finance,111506
2217,Jill,Moore,47,Sales,76362
2218,Dean,Green,53,Marketing,102028
2219,Liz,Richardson,37,Finance,96115
2220,Tina,Thomas,47,Marketing,111985
2221,Dean,Jones,42,Sales,77076
2222,Abby,Martinez,46,Engineering,107844
2223,Nina,Williams,41,Marketing,70326
2224,Eva,Nelson,32,Sales,102246
2225,Kate,Hall,23,Marketing,86524
2226,Nate,Martinez,60,Finance,83127
2227,Eva,Rogers,31,Finance,110841
2228,Elle,Jackson,38,Finance,114670
2229,Kyle,Walker,53,Finance,85373
2230,Ray,Harris,60,Sales,96154
2231,Kate,Roberts,59,Engineering,83681
2232,Elle,Martin,39,Sales,107209
2233,Nate,Evans,23,Sales,61783
2234,Yara,Lee,23,Marketing,117657
2235,Jill,Sanchez,44,Finance,98197
2236,Uma,Hall,56,Marketing,82016
2237,Bella,Wilson,36,Finance,64045
2238,Nate,Allen,51,HR,77257
2239,Iris,Nelson,30,Finance,96223
2240,Ray,Nelson,44,Sales,108670
2241,Jill,Moore,51,Engineering,114009
2242,Uma,Lopez,42,Sales,89340
2243,Nate,Johnson,34,Marketing,60864
2244,Dean,Cooper,37,Engineering,87514
2245,Faye,Martinez,47,Engineering,70616
2246,Finn,Harris,32,Finance,72338
2247,Finn,Green,43,Sales,80340
2248,Charlie,Rogers,26,Finance,103742
2249,Omar,Jones,36,Sales,114342
2250,Jill,Baker,46,Engineering,115936
2251,Quinn,Thomas,45,HR,82072
2252,Zoe,Richardson,46,Marketing,72440
2253,Adam,Smith,30,Engineering,91473
2254,Jill,Walker,55,Sales,95787
2255,Yara,King,51,Sales,60616
2256,Dina,Smith,24,HR,91798
2257,Will,Brown,45,Engineering,92692
2258,Frank,Lewis,35,Marketing,69291
2259,Eva,Carter,58,HR,104954
2260,Uma,Jackson,58,Engineering,89367
2261,Dina,Lee,25,Engineering,112559
2262,Ray,Rivera,24,Sales,91782
2263,Hugo,Jackson,33,Finance,62393
2264,Frank,Cook,53,HR,66776
2265,Finn,Martinez,34,Marketing,66580
2266,Ray,Turner,24,Marketing,88173
2267,Frank,Campbell,42,Finance,118694
2268,Quinn,Rivera,32,Marketing,113383
2269,Charlie,Murphy,26,Finance,99703
2270,Zoe,Hall,35,HR,76085
2271,Bob,Edwards,29,Finance,105588
2272,Finn,Anderson,56,Sales,80318
2273,Elle,Moore,55,Sales,94462
2274,David,Miller,47,HR,100553
2275,Ivy,Adams,30,HR,85639
2276,Frank,Morgan,34,Sales,80338
2277,Liam,Taylor,36,Marketing,71386
2278,Frank,Miller,35,HR,104651
2279,Cody,Garcia,35,Finance,98000
2280,Xena,Sanchez,30,Sales,108820
2281,Wendy,Sanchez,25,Finance,92501
2282,Tina,Martin,24,Finance,113214
2283,Quinn,Moore,52,Finance,69762
2284,David,Allen,59,Engineering,80975
2285,Bob,White,24,Sales,96176
2286,Hope,Hall,45,Marketing,62492
2287,Jill,Hall,41,HR,97329
2288,Eva,Murphy,48,Sales,108961
2289,Omar,Murphy,48,Marketing,92065
2290,Ben,Thomas,28,Sales,105226
2291,Abby,Evans,33,Finance,108376
2292,Ben,Evans,48,HR,71378
2293,Cara,Reed,34,Marketing,108002
2294,Tina,Perez,35,Sales,102092
2295,Bob,King,24,Sales,67560
2296,Hank,Perez,24,Sales,65496
2297,Elle,Perez,37,HR,95157
2298,Ian,Wright,53,HR,103487
2299,Usha,Adams,34,Finance,92389
2300,Bella,Hernandez,28,Sales,105024
2301,Gary,Rivera,33,Engineering,63623
2302,Hugo,Lee,55,Engineering,68055
2303,David,Mitchell,23,Finance,115479
2304,Pam,Evans,23,Sales,101723
2305,Cara,Lee,26,HR,115661
2306,Paul,Edwards,22,Marketing,72978
2307,Elle,Mitchell,34,Engineering,60048
2308,Finn,Rivera,34,HR,102311
2309,Usha,Campbell,32,Marketing,98670
2310,Yuri,Cook,29,HR,91019
2311,Ted,Stewart,55,Sales,88751
2312,Liz,Martinez,23,Finance,61683
2313,Yuri,Hernandez,29,Finance,69520
2314,Zoe,Jackson,44,Engineering,64904
2315,Max,Anderson,53,Sales,119774
2316,Hank,King,51,HR,113353
2317,Kate,Harris,49,HR,84783
2318,David,Collins,36,Engineering,90643
2319,Ivy,Smith,50,Finance,78382
2320,Charlie,Harris,40,Engineering,64583
2321,Dina,Adams,44,Finance,65701
2322,Elle,Richardson,53,Engineering,70208
2323,Uma,Baker,51,HR,119605
2324,Usha,Anderson,22,Sales,97425
2325,Gary,Williams,56,Marketing,85984
2326,Liz,Martinez,46,Sales,117916
2327,Mona,Reed,41,HR,81350
2328,Adam,Lee,57,Marketing,92148
2329,Tina,Sanchez,33,Marketing,86262
2330,Abby,Perez,42,Marketing,63849
2331,Sue,Murphy,44,Marketing,103953
2332,Ian,Stewart,50,Marketing,101458
2333,Abby,Thompson,57,Sales,117519
2334,Nina,Martin,43,Finance,69227
2335,Ray,Baker,43,Finance,85983
2336,Kyle,Roberts,35,Marketing,108753
2337,Ted,Carter,56,Engineering,115923
2338,Paul,White,47,Marketing,93747
2339,Grace,Martin,22,Sales,99386
2340,Eli,Hall,60,HR,87589
2341,Ivy,Rivera,36,Sales,106418
2342,Yuri,Parker,45,Finance,116359
2343,Vera,Moore,24,Sales,117383
2344,Nate,Moore,46,Marketing,89795
2345,Eva,Campbell,36,Marketing,109361
2346,Wendy,Carter,56,Engineering,68913
2347,Vin,Bailey,60,Marketing,108859
2348,Will,Jackson,49,HR,106806
2349,Finn,Young,41,HR,109804
2350,Bob,Cook,49,Marketing,119660
2351,Yara,Davis,27,Marketing,100436
2352,Gary,Hernandez,40,Finance,80263
2353,Faye,Cooper,32,Finance,84112
2354,Adam,Thompson,28,Engineering,113986
2355,Yuri,Taylor,33,Engineering,118077
2356,Hank,Baker,43,Marketing,107687
2357,Faye,Smith,34,Sales,61856
2358,Dean,Lee,36,Marketing,109826
2359,Dean,Mitchell,34,Engineering,95646
2360,Abby,Collins,40,HR,62793
2361,Yuri,Garcia,25,Finance,82177
2362,Yuri,Rogers,46,Marketing,116608
2363,Quinn,Roberts,53,Sales,110287
2364,Wendy,Johnson,48,Marketing,80235
2365,Yuri,Richardson,35,Sales,98424
2366,Olivia,Morris,56,Sales,95285
2367,Faye,Adams,27,Engineering,108600
2368,Hank,Thompson,49,HR,79377
2369,Gary,Martinez,53,Finance,100359
2370,Hope,Lopez,34,Engineering,88517
2371,David,Murphy,28,Finance,65935
2372,Vin,Cook,32,Finance,63478
2373,Sam,Morris,26,Marketing,99050
2374,Liam,Thompson,39,Marketing,63462
2375,Vera,Martinez,55,Marketing,89918
2376,Liz,Carter,39,Sales,74941
2377,Alice,Young,31,Engineering,82688
2378,Faye,Davis,39,Sales,63906
2379,Mona,White,25,HR,116675
2380,Sue,Mitchell,51,Finance,82303
2381,Bob,Morris,37,Sales,69672
2382,Cody,Reed,24,Sales,86616
2383,Will,Murphy,45,Finance,111002
2384,Eli,Adams,51,Engineering,77916
2385,Jill,Cook,22,Marketing,112897
2386,Faye,Davis,27,Finance,80760
2387,Cara,Sanchez,40,Finance,91019
2388,Paul,Wright,40,Marketing,87767
2389,Liam,Parker,48,Sales,69129
2390,Bella,Roberts,33,Finance,94810
2391,Elle,Clark,51,Engineering,106168
2392,Dina,Baker,42,Engineering,67733
2393,Hugo,Roberts,29,Engineering,65733
2394,Ray,Miller,28,Sales,110020
2395,Cody,White,51,Marketing,117631
2396,Ted,Edwards,40,Sales,101666
2397,Yara,Green,35,Marketing,62257
2398,Eva,Edwards,30,HR,70631
2399,Wendy,Rivera,28,Finance,98728
2400,Iris,Miller,44,Finance,64309
2401,Zane,Morgan,53,Sales,118559
2402,Zoe,Williams,24,Sales,96237
2403,Hope,Martinez,42,Sales,68114
2404,Yara,Murphy,24,Marketing,70174
2405,Cara,Thompson,58,HR,110765
2406,Usha,Parker,31,Marketing,80169
2407,Ben,Lee,55,Finance,105442
2408,Will,Clark,25,Engineering,95993
2409,Kyle,Thomas,39,HR,114700
2410,Yuri,Evans,40,HR,95961
2411,Zane,Richardson,59,HR,108060
2412,Ray,Clark,35,Finance,72215
2413,Paul,Baker,45,Sales,65640
2414,Omar,Rivera,40,Marketing,117274
2415,Usha,Walker,24,Marketing,84559
2416,Mona,Williams,25,Marketing,118451
2417,Paul,Anderson,25,HR,61802
2418,Eli,Bell,43,HR,69061
2419,Olivia,Phillips,33,Finance,97020
2420,Alice,Green,37,Marketing,86413
2421,Iris,Lee,39,Engineering,115801
2422,Hugo,Murphy,29,Engineering,67275
2423,Grace,Moore,45,Sales,113531
2424,Ben,Sanchez,30,HR,78648
2425,Frank,Cooper,52,Engineering,112524
2426,Tina,White,59,Sales,101959
2427,Paul,Thomas,26,Finance,73634
2428,Frank,Walker,26,Engineering,88261
2429,Sue,Martinez,57,Finance,60371
2430,Ben,Richardson,39,Sales,68750
2431,Mona,Wright,35,Finance,111730
2432,Dean,Reed,59,HR,114160
2433,Iris,Morris,60,HR,77303
2434,Liz,Wright,32,HR,100955
2435,Cody,Hernandez,26,Marketing,96279
2436,Hugo,Hernandez,22,HR,99815
2437,Hope,Campbell,49,Engineering,60649
2438,Vin,White,47,HR,64274
2439,Tina,Young,34,Marketing,119111
2440,Adam,Harris,58,Engineering,61279
2441,Sam,Walker,54,Engineering,89628
2442,Rita,Davis,36,Engineering,107822
2443,Quinn,Stewart,45,HR,74624
2444,Sam,Morgan,56,Sales,118913
2445,Jack,Roberts,41,Engineering,70524
2446,Pam,Roberts,27,Engineering,68309
2447,Liz,Carter,48,Marketing,85022
2448,Uma,Cook,49,HR,62702
2449,Ben,Lopez,42,HR,64092
2450,Kate,Green,25,HR,101599
2451,Hope,Edwards,56,Marketing,68074
2452,Nate,Miller,59,Finance,71045
2453,Cody,Cook,55,Finance,113548
2454,Ivy,Morgan,29,Sales,97101
2455,Paul,Richardson,58,HR,93981
2456,Grace,Hall,34,HR,94470
2457,Charlie,Martin,56,Finance,107491
2458,Faye,Harris,29,HR,104637
2459,Ray,Martin,28,HR,92917
2460,Hope,Harris,46,HR,112226
2461,Yara,Rivera,32,Finance,89298
2462,Bella,Cook,47,Sales,66782
2463,Quinn,Taylor,33,HR,83056
2464,Max,Mitchell,22,Sales,68441
2465,Eli,White,30,HR,119869
2466,Xander,Smith,34,Marketing,70340
2467,Olivia,Reed,41,Engineering,115364
2468,Elle,Green,30,Marketing,98332
2469,Kyle,Jones,57,HR,101563
2470,Yara,Perez,54,Engineering,100111
2471,Frank,Williams,55,Sales,108756
2472,Jill,Stewart,43,Engineering,115229
2473,Nina,Green,50,Finance,80917
2474,Bob,Bell,47,Engineering,105661
2475,Sue,Morgan,35,Marketing,80416
2476,Hope,Carter,57,Marketing,101299
2477,Iris,Brown,28,Finance,105089
2478,Ray,Murphy,27,Finance,113748
2479,Dina,Thomas,43,Engineering,111968
2480,Dina,Cook,50,Marketing,101584
2481,Adam,Martinez,40,Finance,106505
2482,Charlie,Moore,39,HR,98035
2483,Cody,King,46,Finance,80826
2484,David,Green,53,Engineering,77660
2485,Mona,Phillips,39,Marketing,75463
2486,Eli,Adams,49,Engineering,65510
2487,Abby,Murphy,34,Marketing,80250
2488,Abby,Johnson,58,Finance,84885
2489,Yuri,Jones,52,Finance,117047
2490,Abby,Williams,30,HR,85912
2491,Zane,Richardson,54,Finance,77459
2492,Usha,Clark,60,Sales,114771
2493,Gina,Parker,38,Engineering,94454
2494,Charlie,Jackson,59,HR,98480
2495,Uma,Rogers,59,Marketing,119068
2496,Dina,Clark,44,Sales,62561
2497,Abby,Garcia,31,Marketing,75153
2498,Sue,Young,33,Finance,113273
2499,Kyle,Bailey,48,HR,100845
2500,Kate,Carter,24,Marketing,92537
2501,Zane,Rivera,43,Engineering,113173
2502,Tina,Walker,23,Sales,111922
2503,Usha,Williams,22,Engineering,63387
2504,Yuri,Harris,37,Marketing,95004
2505,Hugo,Garcia,44,Sales,113425
2506,Cara,Thomas,30,Engineering,83967
2507,Olivia,Collins,23,Engineering,93340
2508,Quinn,Anderson,50,Sales,79457
2509,Ben,Walker,41,Finance,73672
2510,Vin,Nelson,31,HR,100066
2511,Dean,Johnson,24,Sales,110317
2512,Iris,Adams,53,Marketing,114457
2513,Sue,Hernandez,43,Finance,76350
2514,Ian,Cook,38,Sales,112995
2515,Yara,Martinez,58,Finance,65615
2516,Yara,White,27,HR,102391
2517,Jack,Roberts,54,HR,101960
2518,Ted,Brown,52,HR,60395
2519,Max,Turner,38,Marketing,67192
2520,Pam,Cooper,39,Engineering,82101
2521,Quinn,Adams,24,Sales,75571
2522,Ivy,Thomas,28,Sales,116439
2523,Adam,Mitchell,55,Sales,114809
2524,Xena,Morris,44,Finance,84000
2525,Nina,Sanchez,30,HR,73594
2526,Alice,Martin,45,Marketing,61631
2527,Usha,Thompson,47,Finance,71284
2528,Bob,Morgan,57,Marketing,76274
2529,Vin,Morris,55,HR,118382
2530,Grace,Richardson,35,Finance,98061
2531,Tina,Rivera,22,Marketing,90875
2532,Ian,White,55,HR,92043
2533,Faye,Scott,37,Engineering,83369
2534,Yuri,Brown,53,Sales,95424
2535,Sue,Cooper,39,Finance,109738
2536,Pam,Moore,53,Sales,75741
2537,Wendy,Baker,29,Finance,64364
2538,Cara,Walker,56,Sales,83869
2539,Iris,Hernandez,42,Marketing,83855
2540,Mona,Edwards,55,Engineering,96804
2541,Xander,Lee,34,Engineering,106492
2542,Sue,Anderson,36,HR,92406
2543,Hope,Edwards,56,Engineering,108820
2544,Max,Rogers,25,Finance,90630
2545,Vin,Smith,48,Marketing,104763
2546,Pam,Cooper,51,Sales,88923
2547,Quinn,Evans,56,Sales,97228
2548,Paul,Roberts,27,Marketing,83117
2549,Gina,Nelson,59,Finance,104554
2550,Iris,Thompson,28,Engineering,104226
2551,Will,Reed,41,Marketing,111173
2552,Cody,Thompson,27,Engineering,64873
2553,Uma,Sanchez,49,Marketing,85833
2554,Ray,Reed,26,Sales,107979
2555,Nate,Anderson,56,Marketing,70689
2556,Hugo,Morris,48,Finance,98973
2557,Will,Hernandez,56,Sales,84613
2558,Cara,Adams,30,Finance,78688
2559,Ray,Scott,31,Marketing,63452
2560,Dina,Green,26,Finance,81655
2561,Grace,Campbell,39,Marketing,107732
2562,Zoe,Green,22,Engineering,117184
2563,Vera,Brown,33,Finance,105914
2564,Kate,Smith,58,Finance,101986
2565,Nate,King,45,Engineering,88551
2566,Yuri,Green,55,HR,97997
2567,Eva,Garcia,43,Marketing,81049
2568,Charlie,Garcia,49,Sales,107348
2569,Jill,Martin,46,Finance,100948
2570,Jill,Martinez,53,Finance,101386
2571,Liz,Parker,51,Finance,91592
2572,Rita,Cooper,45,Marketing,89546
2573,Will,King,41,Marketing,91712
2574,Paul,Carter,36,Marketing,91037
2575,Yuri,Young,36,Sales,63633
2576,Quinn,Smith,27,Finance,103942
2577,Grace,Wright,31,Marketing,109626
2578,Uma,Jones,60,Finance,110374
2579,Vera,Garcia,24,Finance,77260
2580,Finn,Hernandez,35,Finance,81133
2581,Zane,Baker,29,Engineering,94751
2582,Zoe,Wright,53,HR,111496
2583,Iris,Martinez,59,Finance,115726
2584,Ray,Lewis,52,Finance,67727
2585,Bob,Morris,59,Finance,96817
2586,Dina,Lopez,33,Engineering,83734
2587,Abby,Thomas,33,Engineering,87547
2588,Yuri,Stewart,57,HR,99554
2589,Rita,Richardson,47,Engineering,77746
2590,Bella,Nelson,23,Marketing,106503
2591,Abby,Phillips,38,Engineering,110789
2592,Kyle,Moore,35,HR,118668
2593,Adam,Anderson,33,Marketing,97294
2594,Yuri,Parker,35,Engineering,86451
2595,Tina,Morgan,47,HR,96372
2596,Adam,Mitchell,34,Marketing,72796
2597,Dean,Thompson,42,Engineering,74715
2598,Cody,Thomas,38,HR,85187
2599,Eva,Wilson,38,Finance,101302
2600,Uma,Clark,22,Engineering,74535
2601,Wendy,Miller,24,Engineering,97354
2602,Yuri,Perez,54,Marketing,113839
2603,Omar,Johnson,33,Finance,108001
2604,Vera,Adams,45,Marketing,78258
2605,Ted,Thomas,36,HR,70982
2606,Charlie,Johnson,26,HR,72370
2607,Paul,Brown,33,Finance,109429
2608,Bella,Hall,40,Sales,69132
2609,Xander,Turner,48,HR,75802
2610,Hank,Harris,45,Engineering,79440
2611,Nate,Thomas,48,Finance,116950
2612,Finn,Lee,55,Marketing,94860
2613,Cara,Davis,41,Marketing,82529
2614,Jack,Hernandez,22,Engineering,116238
2615,Pam,Williams,28,HR,66947
2616,Ray,Hall,23,Engineering,77883
2617,Frank,Moore,31,Finance,100725
2618,Gary,Carter,51,Marketing,71372
2619,Bella,Jackson,53,HR,116015
2620,Omar,Brown,42,Finance,64258
2621,Iris,Martin,38,Engineering,98598
2622,Hank,Lee,35,Sales,72175
2623,Rita,Scott,58,Marketing,94239
2624,Finn,Brown,60,Engineering,99637
2625,Quinn,Nelson,28,Engineering,65886
2626,Finn,Scott,30,Engineering,118661
2627,Hank,Baker,24,HR,103150
2628,Nate,Miller,38,Marketing,63346
2629,Liz,Morgan,40,Marketing,77265
2630,Ray,Bell,38,Marketing,106073
2631,Zane,Murphy,39,Engineering,64545
2632,Hope,Miller,36,Marketing,117677
2633,Kate,Stewart,59,Engineering,85895
2634,Wendy,Jones,36,Engineering,97937
2635,Paul,Thomas,52,Engineering,71076
2636,Nina,Morris,29,Marketing,82700
2637,Abby,Harris,47,Marketing,91703
2638,Uma,Lopez,43,Engineering,87074
2639,Adam,Jackson,52,Engineering,78106
2640,Ben,Campbell,43,Engineering,64625
2641,Hope,Davis,30,HR,75341
2642,Ivy,Moore,39,Marketing,105725
2643,Cody,Walker,36,Engineering,63174
2644,Eli,Reed,44,Engineering,108381
2645,Alice,Green,54,Sales,104310
2646,Vera,Rogers,38,Finance,86928
2647,Zane,Perez,32,HR,115052
2648,Olivia,Moore,25,Sales,82286
2649,Ian,Anderson,49,Finance,75951
2650,Grace,Collins,36,HR,118937
2651,Nate,Edwards,27,Marketing,75286
2652,Xena,Martin,48,Finance,114784
2653,Nina,Mitchell,52,Finance,89224
2654,Finn,Anderson,42,HR,106765
2655,Frank,Lopez,46,Sales,95220
2656,Eli,Brown,40,Engineering,88921
2657,Bob,Rivera,37,HR,62496
2658,Liam,Jackson,49,Marketing,60239
2659,Liam,Morris,40,Finance,70872
2660,Eli,Rivera,58,Engineering,118538
2661,Omar,Stewart,40,Sales,63137
2662,Dean,Cook,44,HR,118169
2663,Gary,Murphy,45,Engineering,82496
2664,Jill,Collins,23,Engineering,109488
2665,Hugo,Martinez,47,Engineering,67463
2666,Grace,Thomas,27,Engineering,63677
2667,Xena,Morgan,48,Engineering,86572
2668,Gina,Hernandez,58,Engineering,117237
2669,Tina,Brown,31,Sales,102683
2670,Frank,Morris,29,Sales,107829
2671,Olivia,Morris,57,Finance,106262
2672,Wendy,Parker,26,Sales,97853
2673,Cara,Parker,36,HR,92510
2674,Nate,Mitchell,23,Engineering,90016
2675,Liz,Campbell,59,Engineering,92067
2676,Ray,Cooper,30,HR,60244
2677,Nate,Allen,35,HR,113063
2678,Mona,Hernandez,22,Sales,60191
2679,Eli,Clark,53,HR,88078
2680,Bob,Miller,30,Engineering,97138
2681,Sam,Thompson,56,Sales,74003
2682,Eva,King,27,Engineering,91433
2683,Bella,Anderson,44,Engineering,103636
2684,Xena,Collins,35,Engineering,93742
2685,David,Young,50,HR,80304
2686,Xena,White,31,Marketing,87326
2687,Alice,White,53,HR,90770
2688,Xander,Miller,32,Finance,103133
2689,Will,Rogers,22,Marketing,116988
2690,Adam,Stewart,25,HR,69099
2691,Abby,White,23,Finance,83859
2692,Yara,Bailey,30,Sales,66936
2693,Ted,Johnson,45,Marketing,115276
2694,Wendy,Williams,46,Finance,115637
2695,Zoe,Davis,35,Engineering,108380
2696,Usha,Lewis,34,Engineering,93111
2697,Liam,Parker,36,HR,87236
2698,Kyle,Wright,34,HR,83341
2699,Faye,Lewis,56,Finance,98240
2700,Liz,Garcia,22,Marketing,72749
2701,Nate,Smith,43,Engineering,86893
2702,Ray,Sanchez,34,Marketing,113539
2703,Eva,Allen,46,HR,86757
2704,Alice,Miller,50,Marketing,110910
2705,Iris,Turner,34,Sales,77384
2706,Omar,Stewart,35,Engineering,116295
2707,Ivy,Collins,23,HR,85260
2708,Paul,Johnson,48,Finance,83694
2709,Ray,Carter,37,HR,85422
2710,Hope,Young,42,Sales,94686
2711,Xander,Hall,35,Sales,103719
2712,Ben,Thomas,49,Sales,92333
2713,Rita,King,59,Finance,83579
2714,Olivia,Roberts,25,Engineering,85409
2715,Nate,Clark,44,HR,96226
2716,Usha,Nelson,31,Marketing,80100
2717,Yuri,Nelson,52,Sales,106930
2718,Jill,Jackson,55,HR,75665
2719,Pam,Scott,53,HR,103649
2720,Yara,Thompson,25,HR,78281
2721,Faye,Johnson,31,Engineering,91231
2722,Xander,King,37,Finance,110091
2723,Charlie,Thompson,29,Marketing,85603
2724,Alice,Adams,46,Finance,77037
2725,Jack,Murphy,60,Finance,66543
2726,Ivy,Anderson,23,Finance,86144
2727,Quinn,Wilson,54,Finance,113956
2728,Olivia,Adams,40,Sales,80952
2729,Bob,Richardson,60,HR,82303
2730,Zoe,Roberts,33,Finance,101685
2731,Yuri,Parker,40,Sales,83062
2732,Cody,Martin,41,HR,83934
2733,Wendy,Turner,40,Finance,84583
2734,Abby,Edwards,35,Sales,94548
2735,Jack,Phillips,33,Marketing,102426
2736,Omar,Clark,23,Sales,84536
2737,Hank,Martinez,38,Engineering,109639
2738,Eva,Baker,43,Finance,105274
2739,Hank,Walker,36,Finance,76858
2740,Ian,Hall,27,Sales,105763
2741,Yara,Anderson,33,HR,101784
2742,David,Young,46,Finance,80605
2743,Alice,Lee,45,Sales,81344
2744,Nina,Morris,26,Marketing,60300
2745,Bob,Campbell,45,Engineering,91928
2746,Zane,Rivera,57,Marketing,67974
2747,Grace,Morgan,24,Sales,82188
2748,Cody,Campbell,36,Finance,98817
2749,Hank,Phillips,32,Sales,85868
2750,Yuri,Thomas,26,Finance,80097
2751,Kate,Parker,29,HR,115235
2752,Eva,Lopez,35,HR,103311
2753,Adam,Edwards,23,Finance,76039
2754,Gina,Jackson,53,Sales,105114
2755,Cara,Jackson,42,Engineering,113255
2756,Dean,Martinez,40,HR,72216
2757,Sam,Sanchez,22,Finance,108959
2758,Max,Martinez,42,Marketing,85832
2759,Alice,Martin,57,Finance,73372
2760,Liam,Lewis,59,HR,83882
2761,Ray,Baker,39,HR,82249
2762,Vin,Morris,55,HR,118765
2763,Abby,Thompson,34,Engineering,76531
2764,Xena,Lewis,49,Engineering,111251
2765,Iris,Adams,34,Marketing,98819
2766,Nina,Carter,43,Marketing,78911
2767,Kate,Anderson,60,Finance,115227
2768,Bella,Clark,52,Marketing,89258
2769,Elle,King,43,HR,115388
2770,Rita,Johnson,38,Engineering,68328
2771,Zane,Brown,53,Marketing,109899
2772,Gina,Baker,45,Marketing,107776
2773,Omar,Reed,35,Marketing,118868
2774,Elle,Wright,51,Finance,86428
2775,Eva,Parker,22,Engineering,72399
2776,Adam,Walker,28,Sales,92919
2777,Ray,Rivera,56,Engineering,117061
2778,Vera,Nelson,60,Sales,85661
2779,Xander,Martin,23,HR,79082
2780,Nina,Morgan,58,Marketing,71654
2781,Nate,Phillips,42,Sales,94961
2782,Ivy,Thomas,51,Sales,84458
2783,Sue,Mitchell,36,HR,114158
2784,Bob,Walker,28,Sales,89793
2785,Will,Nelson,54,Engineering,68653
2786,Zoe,Taylor,48,Finance,100734
2787,Faye,Phillips,41,Sales,67346
2788,Ivy,Carter,29,HR,84399
2789,Xander,Roberts,60,Engineering,100431
2790,Ian,Morris,37,HR,119432
2791,Ivy,Turner,54,Engineering,77627
2792,Alice,Mitchell,38,Sales,110868
2793,Sue,Taylor,26,Engineering,85325
2794,Dina,Morgan,40,Engineering,94317
2795,Grace,Williams,26,Marketing,72210
2796,Pam,Reed,28,Finance,87716
2797,Xena,Phillips,30,Engineering,104167
2798,Rita,Walker,55,Marketing,102961
2799,Xander,Turner,27,Sales,114333
2800,Hank,Martin,30,Marketing,95727
2801,Gary,Lewis,45,Marketing,108805
2802,Quinn,Edwards,56,Engineering,97190
2803,Usha,Collins,26,HR,80391
2804,Olivia,Sanchez,44,Sales,89151
2805,Will,Morgan,48,Sales,84138
2806,Hugo,Martinez,53,Sales,69139
2807,Liz,Harris,51,Engineering,69708
2808,Dean,Murphy,41,Finance,103435
2809,Bella,Jackson,38,Finance,74901
2810,Hope,Nelson,48,Sales,107216
2811,Mona,Cook,30,HR,105729
2812,Vera,Taylor,53,Engineering,104848
2813,Uma,Murphy,47,Engineering,105609
2814,Gary,Campbell,53,Sales,85207
2815,Omar,Martinez,56,Engineering,77587
2816,Charlie,Evans,59,Marketing,93121
2817,Olivia,Rivera,30,HR,66168
2818,Uma,Hall,60,HR,112392
2819,Abby,Campbell,47,HR,86701
2820,Elle,Harris,40,Finance,84638
2821,Uma,Lee,58,HR,108636
2822,Gary,Martinez,58,Finance,83264
2823,Vin,Brown,35,Finance,72574
2824,Ian,Green,39,Marketing,76369
2825,Xena,Phillips,30,Sales,65579
2826,Xander,Bell,59,Engineering,72581
2827,Finn,Martinez,23,Marketing,84805
2828,Finn,Wilson,47,HR,96395
2829,Vin,Edwards,48,HR,73059
2830,Xander,Davis,56,HR,73333
2831,Paul,Turner,45,Engineering,119256
2832,Xena,Turner,48,Finance,95584
2833,Olivia,Lee,33,Engineering,117667
2834,Sam,Roberts,40,Engineering,76623
2835,Will,Baker,49,Finance,87322
2836,Hank,Hall,42,Sales,65907
2837,Mona,Morris,31,Engineering,87205
2838,Ray,Phillips,50,Marketing,87376
2839,Hank,Smith,38,Marketing,113388
2840,Uma,Jackson,48,HR,97372
2841,Max,Reed,32,Engineering,72476
2842,Quinn,Carter,42,Marketing,117610
2843,Sue,Carter,31,HR,119172
2844,Gary,Martin,31,Engineering,68700
2845,Ian,Collins,36,Finance,92474
2846,Nate,Martinez,41,Marketing,105744
2847,Paul,Mitchell,35,Engineering,61695
2848,Ted,Reed,48,Engineering,113491
2849,Kate,Jackson,51,Marketing,92712
2850,Nate,Lee,32,Marketing,82027
2851,Sue,Morgan,50,Engineering,104416
2852,Olivia,Perez,50,HR,66546
2853,Ray,Williams,32,Engineering,116561
2854,Elle,Collins,37,Finance,83526
2855,Ray,Johnson,36,Marketing,85086
2856,Jill,Campbell,55,HR,90512
2857,Will,Young,32,Engineering,93099
2858,Max,Jones,42,Sales,112419
2859,Abby,Thompson,55,Marketing,74481
2860,Hank,Cooper,39,Marketing,68294
2861,Max,Nelson,57,HR,83290
2862,Bella,Collins,55,Finance,109480
2863,Charlie,Anderson,23,Sales,61588
2864,Sue,Parker,43,Marketing,119038
2865,Max,Clark,23,Finance,88743
2866,Quinn,Wilson,53,Finance,84796
2867,Elle,Evans,38,Marketing,94706
2868,Kyle,Bell,53,Sales,79830
2869,Charlie,Nelson,41,Finance,101311
2870,Vera,Smith,23,Sales,116435
2871,Alice,Green,25,HR,91448
2872,Iris,Taylor,24,Engineering,85019
2873,Xander,Parker,41,Engineering,85854
2874,Abby,Young,55,Sales,97122
2875,Quinn,Lewis,51,Marketing,113851
2876,Jill,Lee,45,Sales,118255
2877,Dina,Thomas,27,Engineering,118170
2878,Zoe,Reed,47,HR,110164
2879,Mona,Allen,58,Finance,80706
2880,Cara,Green,36,HR,81783
2881,Ray,Morgan,35,Sales,84447
2882,Xander,Scott,34,Finance,92564
2883,David,Allen,30,Marketing,88554
2884,Sue,Johnson,34,Marketing,109838
2885,Cody,Garcia,45,Finance,103268
2886,Pam,Johnson,56,Finance,76361
2887,Ted,Jackson,31,HR,118165
2888,Hope,White,33,Sales,61154
2889,Yara,Roberts,47,Finance,74452
2890,Ray,Thomas,57,Engineering,111449
2891,Faye,Phillips,34,HR,81271
2892,Eli,Richardson,44,HR,83835
2893,Finn,Allen,40,Engineering,65077
2894,Gina,Hernandez,31,Marketing,79433
2895,Iris,White,55,Sales,110542
2896,Ray,Hall,48,Engineering,103591
2897,Jack,Martinez,44,Engineering,71692
2898,Adam,Taylor,49,Marketing,93276
2899,Zoe,Brown,60,HR,95009
2900,Grace,Richardson,30,Finance,89584
2901,Zane,Scott,26,Sales,77551
2902,Omar,King,40,HR,118467
2903,Ian,Richardson,51,Sales,92586
2904,Hank,Bell,26,Marketing,77433
2905,Xander,Brown,52,Marketing,94442
2906,Dina,Thomas,43,Engineering,88111
2907,Alice,Anderson,54,Sales,84975
2908,Kyle,Martin,42,Finance,88080
2909,Hugo,Lee,50,Finance,107460
2910,Xena,Sanchez,33,Engineering,66082
2911,Tina,Campbell,37,Engineering,109457
2912,Jill,Carter,44,Sales,78056
2913,Abby,Hernandez,34,Engineering,88746
2914,Zoe,Scott,38,Finance,94981
2915,Jack,Smith,56,HR,107281
2916,Dean,Cooper,30,Marketing,66048
2917,Nina,Collins,30,Finance,72618
2918,Will,Thomas,29,Marketing,116878
2919,Nina,Williams,22,Finance,113067
2920,Xander,Reed,26,Sales,119627
2921,Eli,Stewart,35,Engineering,87631
2922,Rita,Harris,55,Engineering,82944
2923,Eva,Scott,27,Finance,75245
2924,Eli,Johnson,37,Sales,88359
2925,Hope,Brown,42,HR,60823
2926,Kyle,King,34,Finance,62849
2927,Hugo,Moore,59,Engineering,80237
2928,Eli,Thomas,46,Marketing,99290
2929,Adam,Miller,35,Marketing,119110
2930,Finn,Jackson,41,Marketing,61282
2931,Yara,Lopez,58,HR,73541
2932,Charlie,Morris,52,Marketing,87435
2933,Finn,Campbell,53,HR,112902
2934,Wendy,Sanchez,48,Finance,77757
2935,Hugo,Harris,36,Finance,103895
2936,Usha,Davis,39,HR,63262
2937,Vin,Carter,55,HR,73370
2938,Zoe,Adams,29,Sales,90478
2939,Vin,Williams,43,Finance,94339
2940,Eva,Martinez,23,Engineering,78556
2941,Zane,Baker,60,Marketing,74161
2942,Gina,Martinez,48,Marketing,67870
2943,Eli,Hernandez,60,HR,94761
2944,Pam,Martinez,30,Finance,79657
2945,Uma,Rivera,28,Marketing,108749
2946,Abby,Roberts,44,Engineering,75371
2947,Faye,Evans,24,Engineering,64961
2948,Faye,Stewart,47,Engineering,77564
2949,David,Allen,60,Finance,68581
2950,Nina,Thompson,26,HR,107258
2951,David,Allen,49,Marketing,89082
2952,Cara,Stewart,45,HR,72218
2953,Kate,Jones,45,Engineering,97612
2954,Omar,Wright,51,Sales,75336
2955,Ben,Clark,43,Marketing,105917
2956,Hank,Richardson,31,Marketing,82976
2957,Elle,Adams,53,Marketing,111064
2958,Olivia,Roberts,51,Marketing,94025
2959,Omar,Thompson,24,HR,62758
2960,Gina,Jackson,46,Finance,74294
2961,Cara,Hernandez,40,Finance,100802
2962,David,Roberts,45,Finance,63822
2963,Alice,Evans,59,Sales,102816
2964,Omar,Bell,44,Engineering,93497
2965,Quinn,Roberts,60,Sales,108048
2966,Kate,Allen,51,Engineering,80707
2967,Quinn,Stewart,56,Sales,63894
2968,Frank,Roberts,35,HR,101224
2969,Elle,Nelson,55,Sales,102565
2970,Ivy,Green,34,Marketing,119661
2971,Ben,Collins,58,Engineering,82489
2972,Rita,Roberts,38,Sales,60225
2973,Zane,Bailey,26,Engineering,106571
2974,Usha,Smith,48,Engineering,79353
2975,David,Richardson,38,Marketing,106248
2976,Paul,Martinez,26,HR,73025
2977,Dean,Moore,34,Finance,111614
2978,Ray,Turner,42,Marketing,91404
2979,Cara,Evans,45,Finance,64374
2980,Frank,Mitchell,34,Marketing,68889
2981,Gary,Anderson,39,Finance,106143
2982,Paul,Evans,38,Sales,67236
2983,Nate,Brown,44,Engineering,103594
2984,David,Davis,42,Finance,113897
2985,Grace,Harris,51,Finance,74665
2986,Yara,Hall,51,Engineering,60624
2987,Dina,Turner,25,Finance,66487
2988,Max,Lewis,41,Engineering,61645
2989,Vin,Jackson,31,Engineering,81905
2990,Sue,Rivera,50,HR,68956
2991,Hope,Campbell,59,Sales,81751
2992,Gary,Hall,55,Finance,111909
2993,Yara,Lopez,43,Finance,119397
2994,Olivia,Martinez,60,Marketing,104280
2995,Pam,Richardson,47,Marketing,74219
2996,Jill,Campbell,45,Engineering,101235
2997,Kate,Thompson,43,Marketing,74561
2998,Hugo,Collins,41,Marketing,73385
2999,Jack,Collins,47,Finance,114789
3000,Omar,Rivera,34,HR,92450
3001,Kate,Anderson,58,HR,111849
3002,Hugo,Clark,53,Marketing,119042
3003,Xander,King,36,Marketing,77753
3004,Wendy,Williams,56,Marketing,78279
3005,Faye,Cooper,38,HR,88686
3006,Ian,Davis,47,Marketing,113322
3007,Uma,Lewis,44,Engineering,89441
3008,Xena,Williams,48,Marketing,108087
3009,Finn,Miller,39,HR,111739
3010,Adam,Martinez,59,Finance,75199
3011,Elle,Nelson,42,Finance,69696
3012,Hugo,Rogers,39,HR,93629
3013,Liam,Clark,57,Sales,91624
3014,Eli,Brown,54,Sales,96119
3015,Alice,Walker,37,Engineering,68923
3016,Yara,Wilson,27,Finance,87575
3017,Max,Murphy,28,HR,100903
3018,Hope,Phillips,38,Engineering,93922
3019,Tina,Richardson,34,Finance,113944
3020,Yuri,Morgan,44,HR,90577
3021,Mona,Scott,24,Marketing,102990
3022,Olivia,Sanchez,26,HR,64171
3023,Usha,Williams,28,Sales,106515
3024,Hank,Anderson,26,Engineering,90570
3025,Yuri,Roberts,42,HR,79156
3026,Hank,Bailey,32,Sales,99163
3027,Ben,Parker,32,Finance,67424
3028,Rita,Adams,41,Finance,87045
3029,Olivia,Clark,22,Sales,81200
3030,Nate,Thompson,24,HR,119127
3031,Kate,Hernandez,51,Finance,67332
3032,Frank,Mitchell,56,Finance,111726
3033,Rita,Baker,39,Marketing,102628
3034,Adam,Morgan,38,Finance,84732
3035,Gina,Baker,53,Finance,98426
3036,Ben,Brown,42,Finance,69786
3037,Grace,Walker,43,Finance,90820
3038,Sue,Jones,59,HR,66843
3039,Iris,Reed,42,Sales,81409
3040,Iris,Parker,38,Marketing,62754
3041,Hank,Martin,27,HR,83997
3042,Vera,Thompson,47,Engineering,63918
3043,Hank,Lee,24,Sales,66356
3044,Eli,Collins,50,HR,89447
3045,Finn,Young,50,Engineering,85980
3046,Alice,Martin,55,Finance,112975
3047,Ray,Martin,22,Finance,95840
3048,Hope,Phillips,40,Sales,117984
3049,Wendy,Clark,31,Marketing,101773
3050,Jack,Green,57,Engineering,84915
3051,Kyle,Edwards,51,Sales,103617
3052,Liz,Stewart,31,Engineering,103969
3053,Zoe,Jackson,41,HR,112083
3054,Eli,Davis,24,Finance,68287
3055,Ray,Murphy,46,Engineering,100316
3056,Sue,Cook,58,Finance,114237
3057,Charlie,Hernandez,33,Engineering,66532
3058,Liz,Rogers,31,Engineering,75651
3059,Dina,Roberts,57,HR,112469
3060,Pam,Hernandez,41,HR,69578
3061,Charlie,White,26,Sales,66641
3062,Grace,Allen,24,Marketing,110075
3063,Wendy,Campbell,39,Sales,89577
3064,Grace,Thomas,25,Sales,82766
3065,Vin,Nelson,31,Finance,62394
3066,Pam,Wilson,23,Marketing,72727
3067,Gary,Mitchell,27,Sales,117489
3068,Rita,Lopez,32,Finance,106403
3069,Abby,Young,30,Finance,116460
3070,Xena,Mitchell,26,Finance,117799
3071,Sam,Taylor,22,HR,105775
3072,Quinn,Jackson,33,Marketing,71106
3073,Usha,Baker,46,Sales,68715
3074,Charlie,Collins,26,Marketing,114872
3075,Bob,Wright,33,Sales,81380
3076,Hope,Rivera,44,Sales,109405
3077,Olivia,Lee,60,Engineering,67769
3078,Adam,Perez,45,Finance,93178
3079,Xander,Clark,22,HR,77802
3080,Dina,Allen,23,Engineering,93774
3081,David,Wilson,32,HR,87683
3082,Adam,Perez,34,Marketing,71220
3083,Charlie,Lopez,29,HR,110728
3084,Cara,Morgan,59,Finance,77799
3085,Abby,Cook,22,Sales,93012
3086,Uma,Baker,43,Engineering,72933
3087,Vin,Lewis,22,HR,104529
3088,Yara,Harris,59,Sales,77279
3089,Cody,Turner,59,Engineering,95131
3090,Ray,Young,46,Engineering,61923
3091,Ian,Bell,30,Marketing,61839
3092,Nate,Mitchell,47,Finance,97384
3093,Nate,Stewart,36,HR,78557
3094,Jack,Young,47,HR,97365
3095,Rita,Nelson,48,HR,70099
3096,Yuri,Harris,45,Marketing,79455
3097,Alice,Murphy,25,Marketing,79733
3098,Finn,King,44,Finance,82311
3099,Paul,Baker,30,Sales,104607
3100,Gina,Jones,24,Sales,115899
3101,Tina,Turner,37,HR,82300
3102,Hank,Allen,53,Engineering,104659
3103,Wendy,Wright,59,HR,61459
3104,Liz,Martin,53,Marketing,102297
3105,Hope,Williams,59,Sales,113759
3106,Bella,Parker,48,Engineering,103227
3107,Liz,Turner,57,Finance,73937
3108,Sam,Turner,59,Marketing,114644
3109,Liam,Johnson,46,Sales,119301
3110,Rita,Scott,32,Engineering,119215
3111,Adam,Martinez,47,Marketing,62496
3112,Xena,Collins,25,Marketing,86105
3113,Cody,Turner,49,Engineering,60654
3114,Dean,Jones,32,Finance,60017
3115,Kate,Johnson,30,Engineering,116469
3116,Adam,Anderson,25,Sales,116835
3117,Vera,Green,36,HR,75124
3118,Dina,Lopez,35,HR,76063
3119,Sam,Hall,51,Marketing,102342
3120,Abby,Scott,55,Marketing,74618
3121,Vera,Reed,38,Marketing,118321
3122,Max,Nelson,40,Sales,92084
3123,Rita,Stewart,33,Engineering,63395
3124,Eva,Roberts,41,Sales,100399
3125,Usha,Thompson,38,Finance,103250
3126,Vin,Williams,51,Engineering,94582
3127,Quinn,Edwards,60,Sales,118675
3128,Iris,Walker,43,Marketing,89775
3129,Xander,Walker,33,Sales,82879
3130,Liz,Hernandez,55,Marketing,106871
3131,Adam,Phillips,43,Marketing,66080
3132,Kate,Taylor,28,Finance,85962
3133,Zane,Phillips,29,Marketing,67897
3134,Max,Lewis,57,Sales,118071
3135,Ben,Thompson,40,Sales,96869
3136,Hank,Brown,41,Marketing,95341
3137,Nina,Lopez,60,Finance,97670
3138,Vin,Murphy,25,Sales,103009
3139,Bob,Jones,50,Marketing,68304
3140,Xena,Martinez,58,HR,76883
3141,Uma,King,34,Sales,118533
3142,Pam,Martinez,46,HR,84847
3143,Bob,Evans,58,Finance,100473
3144,Yuri,Murphy,47,Finance,64613
3145,Mona,Martinez,46,HR,74692
3146,Wendy,Green,59,Sales,88368
3147,Usha,Jackson,37,Marketing,116699
3148,Vera,Morgan,59,HR,100756
3149,Ted,King,55,Engineering,65442
3150,Bob,Stewart,56,Engineering,106890
3151,Eli,Roberts,58,Engineering,105628
3152,Yara,Scott,36,Engineering,67305
3153,Dean,Lewis,56,Sales,62246
3154,Omar,Adams,38,Engineering,82359
3155,Ivy,Hall,37,HR,98417
3156,Sam,Martinez,60,HR,64676
3157,Zane,Walker,37,Sales,88466
3158,Dina,Campbell,42,Engineering,114582
3159,Adam,Clark,59,Finance,70261
3160,Nate,Morgan,22,HR,98153
3161,Uma,Lee,51,Finance,66516
3162,Sam,Martinez,44,Sales,98752
3163,Eva,Green,41,Marketing,93001
3164,Will,Edwards,29,Engineering,81210
3165,Gina,Turner,24,Sales,76997
3166,Wendy,Bailey,31,HR,103697
3167,Wendy,Baker,33,Marketing,112544
3168,Olivia,Jackson,49,HR,69339
3169,Ian,Moore,24,Marketing,61824
3170,Olivia,Wright,27,Finance,92810
3171,Liz,Nelson,49,HR,117365
3172,Bob,Bell,35,Finance,60268
3173,Charlie,Walker,51,Finance,68555
3174,Usha,Adams,29,HR,82366
3175,Alice,Hall,47,Finance,93820
3176,Bob,Baker,54,HR,87028
3177,Grace,Hernandez,23,Finance,96511
3178,Kyle,Martinez,41,Engineering,102879
3179,Omar,Johnson,30,Finance,60618
3180,Finn,Martinez,38,Marketing,110016
3181,Hank,Martin,27,Sales,82193
3182,Alice,Green,28,HR,86125
3183,Liam,Cooper,26,HR,115540
3184,Uma,Miller,46,HR,68775
3185,Cara,Richardson,39,Finance,62922
3186,Adam,Johnson,46,HR,104699
3187,Xena,Hernandez,29,Sales,67615
3188,Hank,Collins,38,Engineering,101558
3189,Elle,Morris,40,Finance,93459
3190,Ivy,Campbell,54,HR,63423
3191,Mona,Scott,38,Engineering,104370
3192,Nina,Anderson,41,Sales,68726
3193,Frank,Walker,58,Marketing,94452
3194,Sue,Parker,33,Finance,68883
3195,Bob,Edwards,55,Sales,109327
3196,Uma,Sanchez,23,Engineering,94813
3197,Dina,Johnson,52,Marketing,65819
3198,David,Thompson,59,Sales,115478
3199,Hugo,Reed,47,Finance,90705
3200,Nina,Anderson,52,Engineering,99497
3201,Paul,Lewis,48,Marketing,64282
3202,Hugo,Sanchez,30,Engineering,71474
3203,Yara,Carter,54,Finance,103743
3204,Dean,Parker,35,Sales,111322
3205,Vera,Mitchell,50,Finance,109427
3206,Ted,Reed,31,Sales,67180
3207,Zoe,Bell,38,Marketing,64096
3208,Adam,Lee,34,Marketing,106557
3209,Hank,Jackson,37,Engineering,70717
3210,Nina,Adams,52,HR,95607
3211,Cody,Morris,38,Engineering,105192
3212,Hank,Moore,49,HR,99283
3213,Nate,Hernandez,32,Sales,65430
3214,David,Smith,41,Engineering,115879
3215,Eli,Davis,26,HR,93862
3216,Dina,Brown,35,Engineering,113302
3217,Wendy,Johnson,27,Finance,97305
3218,Zane,Mitchell,46,Sales,104889
3219,Cody,Rivera,41,Sales,118938
3220,Uma,Phillips,56,Marketing,105620
3221,Bob,Bell,48,Engineering,95250
3222,Tina,Miller,50,Marketing,90907
3223,Iris,Lee,36,Sales,62963
3224,Charlie,Green,49,Finance,83062
3225,Liz,Campbell,23,Finance,79788
3226,Liam,Parker,60,Engineering,75269
3227,Charlie,Stewart,46,HR,82928
3228,Yara,Roberts,34,Engineering,97891
3229,Yara,Brown,44,Engineering,66782
3230,Sam,Morris,23,Sales,93917
3231,Liz,Morris,47,HR,112093
3232,Bella,Wilson,54,Marketing,81878
3233,Sam,Thomas,58,Sales,76817
3234,Faye,Rivera,27,Finance,99482
3235,Hank,Garcia,42,Marketing,68799
3236,Gina,Wilson,57,Engineering,73172
3237,Ben,Clark,49,Sales,63105
3238,Eli,Young,25,Finance,119556
3239,Nate,Taylor,44,HR,112624
3240,Ted,Williams,40,Finance,107689
3241,Hank,Walker,60,Engineering,102563
3242,Bob,Bailey,24,Marketing,67693
3243,Gary,Mitchell,33,HR,73731
3244,Zane,Hall,58,Engineering,75492
3245,Quinn,Green,24,Engineering,60847
3246,Tina,Clark,27,Sales,108067
3247,Cara,Davis,55,Finance,110268
3248,David,King,26,Marketing,105362
3249,Max,Murphy,54,Sales,64335
3250,Nate,Evans,45,Engineering,88468
3251,Iris,Clark,58,Engineering,106516
3252,Alice,Parker,28,HR,63057
3253,Xena,King,26,Finance,106798
3254,Eva,Walker,23,Marketing,85932
3255,Hugo,Martinez,44,HR,102748
3256,Zoe,Allen,24,Finance,60095
3257,Pam,Williams,25,Finance,95171
3258,Sam,Stewart,39,Finance,119360
3259,Eva,Harris,30,HR,104298
3260,Ray,Morgan,55,Sales,114281
3261,Eli,Williams,53,Marketing,97104
3262,Jack,Stewart,60,HR,106915
3263,Wendy,Edwards,51,Engineering,97811
3264,Charlie,Johnson,30,Engineering,63908
3265,Bob,Moore,51,HR,75758
3266,Dina,Roberts,47,HR,66074
3267,Hope,Lee,29,Finance,98509
3268,Yara,Jones,35,Engineering,66812
3269,Cara,Bell,45,Marketing,85860
3270,Hank,King,43,HR,104709
3271,Vera,Thompson,43,Engineering,95100
3272,Eva,Taylor,58,Engineering,110559
3273,Quinn,Mitchell,44,HR,83522
3274,Jill,Wilson,52,Engineering,117872
3275,Iris,Baker,41,Sales,86958
3276,Wendy,Cook,57,Engineering,84638
3277,Bob,Jackson,50,Sales,86407
3278,Ray,Morgan,53,Sales,90272
3279,Xander,Williams,25,Sales,114201
3280,Olivia,Johnson,40,Engineering,73321
3281,Dina,Rogers,50,Engineering,88842
3282,Hope,Hall,37,HR,61258
3283,Usha,Rivera,35,Sales,104405
3284,Jill,Murphy,42,Marketing,86865
3285,Bob,Campbell,37,HR,110739
3286,Frank,Lopez,49,Sales,96312
3287,Kate,Perez,31,Engineering,101364
3288,Mona,Walker,31,Sales,66005
3289,Cody,Richardson,35,HR,74951
3290,Quinn,Garcia,24,Engineering,70591
3291,Liam,Anderson,32,Sales,111904
3292,Finn,Morris,33,Finance,101759
3293,Faye,Mitchell,23,HR,92916
3294,Zoe,Roberts,45,Marketing,97022
3295,Cody,Thomas,27,Marketing,71654
3296,Ted,Allen,29,Engineering,104461
3297,Ivy,Miller,22,Engineering,109194
3298,Mona,Stewart,27,HR,85913
3299,Bella,Collins,55,Engineering,76914
3300,Olivia,Hall,36,Sales,91733
3301,Jill,Williams,22,Finance,71266
3302,Finn,Martinez,35,Engineering,104623
3303,Vin,Smith,60,HR,115788
3304,Liz,Walker,32,Sales,113139
3305,Ian,Garcia,58,Marketing,62291
3306,Zoe,Adams,51,Engineering,66324
3307,Omar,Bailey,56,Finance,78154
3308,Nate,King,22,Marketing,91263
3309,Paul,Clark,31,Sales,90147
3310,Quinn,Smith,44,Marketing,72612
3311,Sam,Taylor,24,Sales,115589
3312,Yara,Hall,27,Sales,112193
3313,Eva,Hall,26,HR,110228
3314,Rita,Lee,53,Engineering,116011
3315,Vera,White,60,Sales,72558
3316,Olivia,King,59,Finance,98733
3317,Uma,Lee,50,Sales,79316
3318,Iris,Cooper,54,Finance,109967
3319,Hope,Baker,49,Sales,74450
3320,Max,Lee,37,Sales,69244
3321,Xander,Bailey,37,Marketing,103603
3322,Nina,Brown,27,Marketing,100286
3323,Sam,Martinez,50,HR,110319
3324,Grace,Martinez,34,Sales,111279
3325,Iris,Brown,47,Finance,71896
3326,Dina,White,56,Engineering,98609
3327,Ben,Smith,24,Marketing,66423
3328,Xena,Jones,44,Finance,85290
3329,Ian,Collins,42,HR,110956
3330,Faye,Allen,23,Finance,102535
3331,Finn,Baker,50,Finance,94005
3332,Gina,Moore,56,Marketing,106217
3333,Cara,Williams,26,Sales,109863
3334,Charlie,Bailey,38,HR,70737
3335,Wendy,Mitchell,28,Engineering,74919
3336,Gina,Martinez,32,Marketing,109565
3337,Uma,Martin,32,Finance,110234
3338,Iris,Moore,40,Marketing,62592
3339,Finn,Martinez,49,Marketing,102049
3340,Pam,Young,31,HR,114269
3341,Hugo,Murphy,45,Finance,108260
3342,Ted,Adams,22,Engineering,70966
3343,Frank,Green,54,Marketing,119715
3344,Cara,Williams,57,Engineering,77082
3345,Charlie,Nelson,52,HR,81578
3346,Quinn,Adams,46,Sales,74058
3347,Zoe,Cook,55,Sales,74994
3348,Hope,Nelson,33,Sales,87254
3349,Finn,Jackson,43,HR,98054
3350,Nate,Murphy,46,HR,69758
3351,Dean,Collins,55,Marketing,112541
3352,Charlie,Hall,23,HR,86861
3353,Cara,Smith,24,Finance,71693
3354,Bob,Walker,51,Marketing,63850
3355,Faye,Rogers,35,Finance,72511
3356,Abby,Brown,52,HR,80742
3357,Cara,Sanchez,59,Sales,115598
3358,Tina,Johnson,24,Engineering,97706
3359,Charlie,Rogers,59,Finance,83572
3360,Alice,King,24,Finance,92815
3361,Xena,Murphy,34,Sales,73721
3362,Kyle,Turner,33,Sales,81008
3363,Sam,Davis,58,Marketing,114095
3364,Usha,Roberts,52,Marketing,72661
3365,Xander,Garcia,41,Sales,93337
3366,Adam,Taylor,29,Engineering,104075
3367,Quinn,Campbell,43,Finance,69647
3368,Kate,Collins,28,Marketing,115480
3369,Hank,Nelson,48,Finance,115370
3370,Nina,Miller,32,Sales,62436
3371,Kate,Lewis,42,HR,93266
3372,David,Stewart,59,Engineering,116078
3373,Gary,Nelson,56,Finance,98254
3374,Zane,Bailey,25,Engineering,111833
3375,Xander,Adams,26,Finance,101016
3376,Hank,Thompson,45,Sales,75761
3377,Max,Reed,60,Sales,69539
3378,Nina,Mitchell,50,Sales,118359
3379,Bella,White,58,Finance,90303
3380,Will,Thomas,50,Marketing,99988
3381,Jack,Martinez,52,Marketing,105105
3382,Ted,Lee,52,Finance,103796
3383,David,Evans,29,Finance,118113
3384,Alice,Martinez,34,Marketing,89541
3385,Ted,Sanchez,26,Marketing,98241
3386,Jack,Stewart,27,Finance,72745
3387,Iris,Richardson,28,Sales,87770
3388,Ted,Allen,60,Sales,117712
3389,Gary,Anderson,50,Finance,109675
3390,Liz,Rogers,57,HR,110699
3391,Grace,Lewis,56,Marketing,92697
3392,Hugo,Mitchell,48,HR,95535
3393,Will,Wright,54,HR,80175
3394,Jack,Miller,32,Engineering,119477
3395,Yuri,Murphy,24,Sales,105589
3396,Will,Adams,28,Engineering,114973
3397,Frank,Jackson,59,Marketing,81697
3398,Hank,Adams,51,Sales,96894
3399,Pam,Martinez,37,Marketing,62970
3400,Yuri,Hernandez,29,Sales,72892
3401,Zoe,Morris,59,Marketing,71318
3402,Will,King,34,Finance,67456
3403,Vera,Perez,25,HR,115161
3404,Abby,Mitchell,48,Finance,103191
3405,Iris,Adams,55,Engineering,98505
3406,Ray,Martin,33,Engineering,87285
3407,Kyle,Carter,48,Finance,65744
3408,Bob,Garcia,53,Engineering,76670
3409,Alice,Taylor,43,Marketing,87582
3410,Rita,White,30,HR,110680
3411,Ray,Rogers,56,Marketing,69817
3412,Cara,Morris,51,Sales,100344
3413,Sam,Wilson,44,Sales,96483
3414,Kate,Smith,32,HR,117833
3415,David,Smith,39,Finance,79983
3416,Hank,Nelson,60,Sales,85178
3417,Omar,Wright,29,Sales,92804
3418,Max,Thompson,22,HR,60435
3419,Gary,Walker,54,Marketing,101388
3420,Cody,Williams,32,HR,91212
3421,Olivia,Nelson,37,Sales,68277
3422,Ian,Martin,52,Marketing,77967
3423,Kyle,Johnson,22,Engineering,69757
3424,Cara,Young,56,Marketing,94032
3425,Hank,Brown,59,Finance,73196
3426,Eva,Martinez,28,Marketing,60600
3427,Wendy,Scott,26,HR,68901
3428,Ian,Thomas,25,Marketing,93765
3429,Jack,Adams,38,Marketing,68470
3430,Kyle,Rivera,36,Finance,70841
3431,Uma,Bailey,56,Marketing,62682
3432,Will,Perez,44,Engineering,105832
3433,Frank,Bell,43,Sales,77879
3434,Uma,Adams,40,Finance,89554
3435,Sue,Cook,25,Marketing,83924
3436,Bella,Sanchez,42,Sales,90825
3437,Pam,Rivera,50,Engineering,83480
3438,Xander,Green,31,Marketing,64486
3439,Abby,Roberts,29,Engineering,81233
3440,Sue,Cook,35,Finance,85682
3441,Will,Reed,47,Marketing,117145
3442,Zane,Bailey,55,Sales,76752
3443,Pam,Thomas,49,HR,64484
3444,Alice,Morris,30,Engineering,113367
3445,Nate,Garcia,49,HR,73124
3446,Wendy,Campbell,39,Finance,84958
3447,Bella,Taylor,27,Finance,85372
3448,Will,Stewart,31,Engineering,98414
3449,Vera,Murphy,23,Marketing,75299
3450,Jack,Reed,41,Marketing,119881
3451,Cody,Mitchell,51,Marketing,86563
3452,Yuri,King,58,Finance,76974
3453,Jill,Turner,34,Marketing,117167
3454,Gary,Miller,53,Sales,90855
3455,Liz,Scott,54,Finance,107391
3456,Bob,Clark,57,Finance,78639
3457,Yuri,Turner,35,Finance,99912
3458,Zoe,Jones,30,Marketing,61971
3459,Kyle,Wilson,40,Finance,111086
3460,Cody,Lopez,42,Sales,109172
3461,Hugo,Jones,25,Sales,82421
3462,Alice,Baker,27,Finance,69439
3463,Tina,Sanchez,59,Finance,67966
3464,Zoe,Thompson,39,Marketing,97890
3465,Liz,Campbell,53,Engineering,104550
3466,Finn,Williams,23,Finance,91110
3467,Usha,Young,36,Marketing,67139
3468,Xena,Lewis,33,HR,74617
3469,Omar,Phillips,59,Engineering,118825
3470,Olivia,Nelson,48,Sales,68450
3471,Ray,Adams,26,Finance,75473
3472,Bob,Scott,48,Finance,102812
3473,Will,Lee,37,HR,117328
3474,Sam,Bailey,22,Sales,81699
3475,Hugo,Smith,34,Sales,65006
3476,Xena,Thompson,39,Sales,111553
3477,Liz,Evans,29,HR,66406
3478,Xander,Collins,25,HR,116959
3479,Eva,Collins,47,HR,112605
3480,Pam,Rivera,50,Engineering,106944
3481,Uma,Green,57,Engineering,65937
3482,David,King,23,Sales,103338
3483,Omar,Lewis,52,Finance,73803
3484,Olivia,Lewis,24,Engineering,104075
3485,Olivia,Smith,51,HR,81455
3486,Grace,Baker,37,Sales,105077
3487,Ray,Harris,45,Marketing,86681
3488,Abby,Morgan,60,Sales,112148
3489,Frank,Hall,57,Marketing,105161
3490,Hugo,Lopez,35,Marketing,91374
3491,Max,King,25,Engineering,111290
3492,Hank,Williams,60,Sales,60995
3493,Nate,Wilson,29,HR,73170
3494,Dean,Harris,50,Finance,82830
3495,Nina,Miller,55,Sales,60870
3496,Ted,Bell,31,Engineering,119378
3497,Frank,Edwards,28,Engineering,84309
3498,Nina,White,26,Engineering,99920
3499,Rita,Campbell,31,Sales,107511
3500,Zane,Miller,34,Finance,81077
3501,Kate,Brown,52,HR,83168
3502,Mona,Lewis,60,Finance,70102
3503,Faye,Martinez,44,Marketing,86622
3504,Olivia,Young,43,HR,104504
3505,Gina,Evans,44,HR,66779
3506,Elle,Moore,53,Finance,102549
3507,Nate,Wilson,23,Finance,88748
3508,Faye,Thompson,46,Engineering,66248
3509,Nate,Rivera,29,Marketing,68577
3510,Ray,Martinez,45,Finance,101058
3511,Dean,Bell,53,Sales,95248
3512,Sam,Hernandez,58,Marketing,102958
3513,Finn,Morgan,23,Engineering,81208
3514,Zoe,Jackson,34,HR,78240
3515,Ben,Perez,37,Marketing,86368
3516,Nate,White,25,HR,119068
3517,Liz,Moore,57,Finance,64831
3518,Ivy,Martinez,43,Marketing,115165
3519,Frank,Collins,33,Engineering,104027
3520,Grace,Clark,43,Sales,118716
3521,Omar,Collins,22,Finance,91606
3522,Cody,Brown,56,Finance,71000
3523,Adam,Anderson,44,HR,63464
3524,Yuri,Collins,41,Finance,75706
3525,Rita,Collins,35,Finance,105253
3526,Liam,Lewis,56,Engineering,107606
3527,Ian,Bell,48,Finance,103586
3528,Ray,Davis,22,Engineering,76694
3529,Olivia,Murphy,28,Finance,85027
3530,Yuri,Johnson,43,HR,114067
3531,Eli,Bell,22,Finance,85074
3532,Charlie,Allen,45,HR,80685
3533,Dina,Walker,50,Marketing,65448
3534,Ian,Reed,54,Engineering,102815
3535,Gina,Nelson,30,Engineering,115769
3536,Hank,Rivera,56,Engineering,99067
3537,Hope,Anderson,52,Engineering,76314
3538,Ivy,Collins,41,Engineering,70315
3539,Ben,Lewis,39,HR,119350
3540,Elle,Lewis,53,HR,85299
3541,Wendy,Young,49,Marketing,94582
3542,Alice,Bell,34,Finance,113740
3543,Uma,Evans,43,Engineering,60670
3544,Adam,Johnson,51,HR,73403
3545,Dina,Williams,49,Marketing,105939
3546,Hope,Scott,32,Engineering,112844
3547,Gina,Richardson,46,Engineering,103183
3548,Liam,White,56,Engineering,85919
3549,Quinn,Green,55,HR,94245
3550,Vera,Taylor,44,Engineering,82909
3551,Quinn,Young,43,Marketing,92543
3552,Zane,Taylor,24,Engineering,112028
3553,Adam,Cook,55,HR,68338
3554,Grace,Evans,23,Engineering,67640
3555,Hugo,Johnson,55,Finance,103134
3556,Abby,Nelson,50,Marketing,118132
3557,Faye,Garcia,23,HR,76835
3558,Olivia,Nelson,26,HR,74478
3559,Frank,Allen,31,Engineering,102101
3560,Xena,Rivera,37,Finance,110536
3561,Eva,Baker,59,Finance,89081
3562,Kate,Nelson,41,Sales,80252
3563,Nate,Carter,44,HR,116484
3564,Cara,Hall,26,Marketing,82841
3565,Frank,Parker,54,HR,60548
3566,Usha,Bell,57,Engineering,83175
3567,Omar,Perez,39,Marketing,60111
3568,Bob,Rogers,24,Finance,76815
3569,Kate,Adams,60,Engineering,102533
3570,Yara,Parker,44,HR,94377
3571,Hugo,Morgan,23,Sales,113035
3572,Dean,Collins,36,Finance,96005
3573,Ray,Martinez,33,HR,108578
3574,Bella,Thompson,48,Finance,104174
3575,Zoe,Cooper,38,Finance,76088
3576,Finn,Brown,54,Sales,117145
3577,Gary,Hall,42,HR,92301
3578,Grace,Richardson,28,Marketing,81812
3579,Ben,Lopez,45,HR,75326
3580,Yuri,Cooper,37,Engineering,102358
3581,Finn,Harris,30,Finance,82335
3582,Jack,Moore,32,Finance,93774
3583,Liam,Turner,54,Marketing,102313
3584,Kate,Turner,47,Finance,86986
3585,Quinn,Turner,60,Engineering,93674
3586,Vin,Morgan,45,Marketing,76464
3587,Dean,Green,45,Engineering,74207
3588,Elle,Bell,47,Engineering,91343
3589,Cody,Martinez,57,HR,66837
3590,Nina,Moore,30,Engineering,114378
3591,Ian,Thompson,40,Sales,94679
3592,Zoe,Scott,58,Finance,61517
3593,Ben,Murphy,26,Sales,71048
3594,Ted,Jones,40,Finance,74803
3595,Sam,Thompson,25,Sales,94811
3596,Ted,Bailey,43,Engineering,88480
3597,Cody,Edwards,48,HR,61002
3598,Hugo,Martinez,27,HR,119385
3599,Ray,Morgan,32,Finance,92679
3600,Liz,Phillips,49,HR,110551
3601,Bella,Murphy,30,Sales,110536
3602,Quinn,Nelson,26,Finance,85192
3603,Bella,Reed,42,Marketing,98953
3604,Liam,King,23,Finance,72438
3605,Xena,Smith,47,Marketing,111118
3606,Ivy,Bell,26,Marketing,73943
3607,Hank,Lee,50,Engineering,75614
3608,Ted,Evans,35,Finance,71774
3609,Gary,Rogers,42,Sales,108549
3610,Kyle,Brown,33,Marketing,87027
3611,Eli,Morgan,42,Finance,113734
3612,Will,Jones,48,Engineering,69523
3613,Mona,Roberts,36,Sales,115565
3614,Jack,Moore,45,HR,61095
3615,Dean,Williams,44,HR,78177
3616,Liz,Evans,24,Engineering,106734
3617,Olivia,Brown,52,Sales,70596
3618,Dean,Reed,53,Marketing,60769
3619,Wendy,Martin,52,HR,74023
3620,Dina,Collins,41,Sales,69416
3621,Zane,Carter,28,Engineering,68569
3622,Kate,Mitchell,58,Finance,70710
3623,Vin,Williams,52,Sales,81846
3624,Yara,Mitchell,58,Marketing,76513
3625,Jill,Anderson,27,HR,85879
3626,Finn,Turner,57,Finance,62251
3627,Omar,Jones,59,Marketing,81874
3628,Pam,Reed,42,Finance,73708
3629,Will,Wilson,56,Marketing,98409
3630,Cara,Lee,55,Finance,81126
3631,Cara,Edwards,49,Marketing,110305
3632,Jack,Bell,26,Marketing,103260
3633,Ted,Harris,45,HR,67006
3634,Xena,Davis,59,Finance,78733
3635,Finn,Rivera,49,Marketing,119375
3636,Hugo,Sanchez,48,Engineering,69184
3637,Yuri,Baker,54,Marketing,83495
3638,Mona,Martin,51,HR,60704
3639,Jill,Taylor,39,Finance,63972
3640,Paul,Wilson,41,Sales,118807
3641,David,Carter,38,Finance,78263
3642,Vera,Mitchell,50,Sales,87666
3643,Vin,Davis,60,Finance,61736
3644,Kate,Parker,41,Sales,96880
3645,Max,Perez,22,HR,70359
3646,Finn,Nelson,47,Sales,67663
3647,Jill,Lewis,30,Sales,92552
3648,Yara,Anderson,23,Finance,99753
3649,Cara,Evans,24,Sales,113138
3650,Yara,Allen,50,Engineering,95055
3651,Gary,Harris,43,HR,74059
3652,Grace,Thompson,43,HR,80192
3653,Bella,Allen,50,Sales,81902
3654,Ben,Morgan,24,Marketing,101841
3655,Ian,Bailey,25,Sales,69867
3656,David,Miller,36,Finance,67656
3657,Bob,Lopez,40,HR,67650
3658,Ted,Williams,49,Engineering,108418
3659,Will,Cook,57,HR,100851
3660,Ivy,Murphy,57,HR,65185
3661,Iris,Edwards,52,HR,98716
3662,Eli,Sanchez,45,HR,91829
3663,Nina,Miller,59,Engineering,93629
3664,Nate,Phillips,27,Finance,109725
3665,Alice,Allen,56,HR,113584
3666,Cara,Wilson,46,Finance,102473
3667,Sam,Clark,42,HR,93854
3668,Abby,Nelson,29,Sales,112857
3669,Alice,Allen,49,Finance,60570
3670,Faye,Williams,52,Finance,77084
3671,Kate,Harris,35,Engineering,108855
3672,Gina,Williams,51,Marketing,81631
3673,Gina,Hall,32,Marketing,61267
3674,Bella,Cook,47,Finance,102475
3675,Cody,Bailey,22,HR,70143
3676,Kate,Bailey,27,Marketing,75790
3677,Pam,Bell,57,Sales,96949
3678,Zoe,King,31,Finance,73364
3679,Cara,Adams,22,Finance,102276
3680,Jack,Anderson,55,Marketing,97118
3681,Finn,Garcia,44,Engineering,87491
3682,Usha,Clark,45,Engineering,100854
3683,Zoe,Hall,46,HR,88322
3684,Yara,Thompson,22,HR,63073
3685,Nina,Wright,35,HR,111168
3686,Nate,Campbell,40,HR,95494
3687,Faye,Stewart,36,Sales,88952
3688,Elle,King,55,Finance,86170
3689,Bella,Walker,29,Engineering,66010
3690,Bella,Wilson,58,Finance,95314
3691,Adam,Lewis,49,Engineering,109746
3692,Kyle,Hernandez,48,Marketing,102618
3693,Quinn,Collins,58,Finance,68451
3694,Usha,Cooper,59,Engineering,105842
3695,Xena,Rivera,22,Sales,94028
3696,Gary,Bell,28,Engineering,95329
3697,Sue,Rivera,30,Engineering,109946
3698,Hope,Smith,39,Finance,84582
3699,Usha,Taylor,51,Finance,76338
3700,Omar,Rivera,59,Marketing,108896
3701,Finn,Collins,40,Finance,105400
3702,Quinn,Anderson,52,Engineering,100164
3703,Xander,Taylor,58,Sales,115181
3704,Jill,Rogers,39,Sales,73630
3705,Uma,Young,60,Finance,88533
3706,Xena,Garcia,27,HR,112660
3707,Yuri,Cook,57,Sales,113027
3708,Cody,Clark,44,HR,84457
3709,Bella,Parker,34,Marketing,119989
3710,Ivy,Collins,38,Sales,117324
3711,Adam,Collins,29,Finance,88110
3712,Will,Green,42,Marketing,67318
3713,Gary,Roberts,30,Marketing,89165
3714,Bella,Edwards,28,Sales,115247
3715,Usha,Lee,49,Finance,73234
3716,Liam,Bell,47,HR,99851
3717,Finn,Collins,46,Marketing,109744
3718,Nate,Hernandez,24,HR,118188
3719,Gina,Carter,40,Finance,60259
3720,Abby,Parker,55,Marketing,119831
3721,Nate,Clark,23,Marketing,118846
3722,Charlie,Thompson,25,HR,93629
3723,Kate,Stewart,59,HR,61275
3724,Xena,Lewis,41,HR,75371
3725,Liz,Cook,57,Engineering,74824
3726,Eva,White,50,Finance,95514
3727,Adam,Wright,56,Sales,74891
3728,Mona,Perez,35,Engineering,74784
3729,Kate,Martinez,27,Sales,85089
3730,Vera,Moore,51,Marketing,108571
3731,Finn,Jones,23,Marketing,87040
3732,Paul,Davis,50,Finance,83432
3733,Paul,Williams,22,Finance,86832
3734,Kate,Nelson,58,Finance,99673
3735,Hugo,Brown,60,Marketing,81534
3736,Cody,Lopez,58,Marketing,100075
3737,Dina,White,59,Sales,95072
3738,Ivy,Miller,48,Sales,111021
3739,Eva,Richardson,37,Engineering,95129
3740,Hope,Baker,39,Sales,67165
3741,Yara,Martin,24,Finance,70630
3742,Xena,Mitchell,29,HR,79050
3743,Bob,Rogers,38,HR,83346
3744,Hugo,Reed,42,Finance,72313
3745,Will,Mitchell,34,Sales,98625
3746,David,Phillips,58,HR,75547
3747,Liam,Carter,37,Engineering,92591
3748,Wendy,Brown,28,Finance,95612
3749,Liam,Richardson,34,Sales,66025
3750,Ivy,Nelson,45,Marketing,78433
3751,Adam,Miller,46,Finance,84310
3752,Rita,Harris,60,Engineering,119589
3753,Ian,Nelson,41,Marketing,70870
3754,Liz,Allen,51,HR,70338
3755,Charlie,Morris,23,Sales,60453
3756,Alice,Williams,32,Marketing,62803
3757,Hank,Harris,37,Sales,68832
3758,Jack,Green,35,HR,60206
3759,Vera,Miller,33,HR,111649
3760,Omar,Richardson,36,Sales,117880
3761,Wendy,Phillips,44,Marketing,70637
3762,Max,Baker,54,Sales,118890
3763,Nina,Johnson,48,Engineering,115692
3764,Hank,Williams,34,HR,101367
3765,Liam,Garcia,52,HR,82921
3766,Ivy,Evans,23,Engineering,74337
3767,Ted,Jackson,46,Sales,116678
3768,Xena,Harris,40,Engineering,77449
3769,Iris,Garcia,52,HR,75756
3770,Quinn,Green,57,Sales,82543
3771,Pam,Williams,34,Marketing,96344
3772,Iris,Richardson,26,Finance,95527
3773,Uma,Parker,52,Sales,106795
3774,Xena,Davis,40,Engineering,108101
3775,Bob,Carter,27,Sales,96625
3776,Uma,Thomas,47,Finance,64156
3777,Paul,Turner,28,HR,93536
3778,Nate,Wilson,50,Engineering,72193
3779,Hugo,Green,60,Engineering,78973
3780,Sue,Lee,35,HR,73674
3781,Ted,Wilson,50,Finance,106435
3782,Vera,Campbell,40,Sales,82402
3783,Max,Martin,22,HR,82534
3784,Iris,Richardson,40,HR,108184
3785,Alice,Hall,49,HR,119421
3786,Paul,Parker,43,HR,96401
3787,Eva,Carter,54,HR,63071
3788,Hope,Martinez,32,Finance,101869
3789,Ben,Jones,33,Sales,88892
3790,Quinn,Bell,37,HR,66898
3791,Yuri,Morris,24,Finance,79297
3792,Abby,Green,29,Finance,118532
3793,Frank,Lewis,37,Marketing,112227
3794,Tina,Lee,57,HR,65295
3795,Rita,Hernandez,50,Marketing,111512
3796,Ivy,King,51,Marketing,97676
3797,Liz,King,32,Engineering,109651
3798,Gina,Martinez,29,Finance,84989
3799,Liam,Taylor,24,Finance,109385
3800,Charlie,Stewart,58,HR,67289
3801,Adam,Sanchez,29,Sales,66040
3802,Bob,Morris,51,Sales,83852
3803,Ivy,Turner,56,Finance,103683
3804,Dean,Brown,49,Engineering,63999
3805,Charlie,Parker,58,Engineering,100262
3806,Xena,Thomas,28,Sales,78727
3807,Jack,White,43,Engineering,107939
3808,Hugo,Scott,24,Engineering,70479
3809,Yuri,Sanchez,60,HR,72328
3810,David,Morris,37,Finance,96727
3811,Abby,Cooper,37,Finance,80768
3812,Dean,Bell,42,Engineering,85120
3813,David,Davis,42,Sales,87027
3814,Sue,Wright,27,Engineering,82352
3815,Liz,Edwards,49,Marketing,93649
3816,Yara,Jackson,45,HR,89400
3817,Quinn,Rogers,44,Marketing,94330
3818,Gary,Cook,22,Sales,75793
3819,Jill,Turner,44,Engineering,102784
3820,Nina,Perez,42,Engineering,76522
3821,Tina,Phillips,22,Sales,90077
3822,Pam,Mitchell,31,Sales,89584
3823,Olivia,Carter,52,Marketing,104808
3824,Pam,Martin,33,Marketing,119596
3825,Vin,Martin,38,HR,62710
3826,Ted,Adams,56,Engineering,107928
3827,Ted,Campbell,23,Engineering,60005
3828,Faye,Perez,58,Marketing,87880
3829,Faye,Martinez,54,Engineering,107158
3830,Yara,Green,27,Engineering,66350
3831,Ted,Jones,55,Engineering,60597
3832,Elle,Hall,25,Marketing,88311
3833,Alice,Parker,46,Marketing,106595
3834,Nina,Roberts,35,Engineering,87923
3835,Hope,Davis,24,Sales,114142
3836,Elle,Cooper,60,Finance,87118
3837,Faye,Johnson,49,HR,98879
3838,Adam,Jackson,23,Finance,75029
3839,Hope,Carter,29,Finance,115905
3840,Adam,Scott,39,Sales,60661
3841,Jill,Walker,38,Finance,87346
3842,Eva,Davis,24,Engineering,63570
3843,Kyle,Murphy,49,Marketing,119268
3844,Gary,Edwards,50,Finance,115540
3845,Jill,Martinez,45,Engineering,107346
3846,Max,Carter,48,Marketing,92241
3847,Kate,Martinez,47,HR,60749
3848,Omar,Cooper,46,HR,84789
3849,Ivy,Cook,28,Engineering,89193
3850,Max,Morgan,26,Finance,119852
3851,Adam,Turner,37,Finance,75780
3852,Quinn,Moore,41,HR,115523
3853,Hugo,Scott,28,Finance,104745
3854,Kate,Miller,52,HR,112600
3855,Ted,Reed,54,Sales,96811
3856,Eva,Sanchez,41,Sales,74180
3857,Abby,Garcia,57,Engineering,115961
3858,Dean,Cooper,42,Sales,112971
3859,Rita,Walker,51,Sales,117376
3860,Ben,Nelson,51,Sales,118744
3861,Frank,Walker,28,Engineering,109408
3862,Sam,Turner,42,Sales,67396
3863,Mona,Reed,57,Engineering,112183
3864,Frank,Thomas,47,Finance,104942
3865,Liam,Clark,38,Finance,96966
3866,Ben,Taylor,30,Marketing,84281
3867,Adam,Lee,38,Marketing,65135
3868,Omar,Hall,22,Finance,91909
3869,Yuri,Campbell,50,Sales,119617
3870,Grace,Scott,33,Sales,94929
3871,Elle,Wilson,22,Finance,69001
3872,Jack,Davis,51,HR,81376
3873,Alice,Reed,38,Finance,92088
3874,Eva,Harris,56,Marketing,100265
3875,Vera,Johnson,57,Marketing,98118
3876,Eli,Anderson,34,Engineering,109250
3877,Finn,Jackson,58,Finance,101191
3878,Yara,Jackson,60,HR,115136
3879,Iris,Morgan,45,Engineering,81603
3880,Grace,Hernandez,47,Finance,60676
3881,Bob,Wright,31,Sales,64214
3882,Ian,Allen,45,Engineering,89484
3883,Vera,Evans,36,Engineering,89554
3884,Jill,Martin,49,HR,71677
3885,Ivy,Cook,43,Finance,105275
3886,Omar,Lewis,57,Engineering,110019
3887,Ian,Allen,43,Engineering,70323
3888,Abby,Thompson,27,Engineering,108817
3889,Ian,Stewart,26,Finance,64662
3890,Wendy,Thomas,50,Engineering,80218
3891,Bella,Wright,29,Marketing,89241
3892,Ted,Perez,59,Sales,116998
3893,Will,Richardson,42,Engineering,95150
3894,Frank,Lee,28,Sales,113408
3895,Iris,Harris,58,Sales,99524
3896,Xena,Sanchez,50,Marketing,96947
3897,Gary,Green,52,HR,114283
3898,Usha,Roberts,31,Sales,84052
3899,Xena,Richardson,31,Finance,95215
3900,Ben,Adams,55,Engineering,106782
3901,Usha,Bell,44,Finance,115213
3902,Omar,Cook,40,HR,112505
3903,Vera,White,36,Finance,109162
3904,Olivia,Martinez,46,Finance,81738
3905,Pam,Johnson,26,Engineering,106355
3906,Eli,Stewart,60,HR,95087
3907,Abby,Martinez,54,Marketing,104058
3908,Iris,Turner,38,Marketing,70690
3909,Usha,Sanchez,32,Finance,87652
3910,Jill,Bell,59,Engineering,107398
3911,Mona,Mitchell,52,Sales,89769
3912,Zane,Cooper,60,HR,81161
3913,Cody,Jones,54,Marketing,105451
3914,Faye,Sanchez,23,Finance,113220
3915,Paul,Thomas,34,Marketing,99272
3916,Ben,Perez,42,Engineering,97143
3917,Ivy,Cooper,35,Sales,119127
3918,Liz,Hernandez,26,Marketing,61798
3919,Jill,Phillips,46,HR,109160
3920,Pam,Miller,59,Sales,110081
3921,Uma,Anderson,56,Sales,93240
3922,Abby,Reed,58,Engineering,95305
3923,Gina,Lopez,37,Sales,84517
3924,Hank,Mitchell,45,Finance,91205
3925,Ted,Davis,49,Marketing,118665
3926,Olivia,Edwards,36,HR,76403
3927,Ian,Rivera,36,Sales,89105
3928,Nate,Green,47,Marketing,66864
3929,Alice,Green,47,Finance,62889
3930,Jill,Williams,22,HR,89037
3931,Uma,Evans,53,Engineering,68350
3932,Zane,King,24,Marketing,103680
3933,Jack,Jackson,40,Sales,98107
3934,Max,Turner,35,Marketing,101147
3935,Cody,Wright,47,Sales,64718
3936,Finn,Roberts,56,HR,85971
3937,Kyle,Rogers,44,HR,83112
3938,Ray,Reed,50,Engineering,95758
3939,Usha,Clark,52,Finance,76914
3940,Jack,Scott,46,HR,74162
3941,Vera,Nelson,31,Engineering,62352
3942,Cara,Hernandez,52,Finance,107191
3943,Pam,Green,55,Engineering,93338
3944,Finn,Hall,32,Finance,89276
3945,Olivia,Anderson,46,Finance,67865
3946,Usha,Collins,22,Finance,106140
3947,Ted,Rivera,48,Engineering,67642
3948,Yuri,Phillips,54,Sales,97574
3949,Sue,Johnson,38,HR,87931
3950,Yuri,Roberts,37,Finance,79454
3951,Sue,Williams,24,Finance,73539
3952,Iris,Hall,58,Marketing,62976
3953,Ivy,Reed,58,HR,86185
3954,Dina,Carter,36,Finance,119057
3955,Finn,Smith,32,HR,92996
3956,Xander,Cook,26,Engineering,85288
3957,Tina,Thomas,60,Sales,100488
3958,Usha,Phillips,24,Finance,61753
3959,Jill,Murphy,52,HR,108773
3960,Liz,Allen,36,Marketing,94079
3961,Zane,Martin,24,Sales,69907
3962,Charlie,Bailey,54,Engineering,96076
3963,Yuri,Sanchez,60,Marketing,88979
3964,Pam,White,59,Finance,115258
3965,Adam,Williams,49,Finance,85138
3966,Elle,Adams,57,Marketing,101368
3967,Eva,Walker,29,HR,104221
3968,Vin,Hall,45,HR,86756
3969,Pam,Morgan,30,Finance,90429
3970,Will,Garcia,29,Engineering,106909
3971,Hank,Anderson,45,Finance,65682
3972,Nate,Young,26,HR,73099
3973,Finn,Wilson,22,Engineering,80986
3974,Hugo,Campbell,27,Engineering,108647
3975,Charlie,Taylor,49,Sales,83706
3976,Omar,Wright,56,Engineering,71014
3977,Gary,Green,52,HR,81608
3978,Faye,Evans,43,HR,71655
3979,Nate,Rivera,52,HR,85779
3980,Eva,Rogers,31,Finance,110881
3981,Jill,King,42,Marketing,76348
3982,Yuri,Thomas,50,Engineering,62782
3983,David,Rogers,57,Marketing,115409
3984,Gina,Rivera,34,Engineering,109529
3985,Grace,Adams,26,HR,113367
3986,Jack,Morris,34,Marketing,92070
3987,Hank,Carter,30,Engineering,112360
3988,Charlie,King,57,Engineering,101627
3989,Will,Stewart,59,Sales,110890
3990,David,Johnson,40,Finance,67264
3991,Xander,Roberts,47,Marketing,79231
3992,Ian,Martinez,37,Sales,72717
3993,Quinn,Murphy,45,Engineering,108922
3994,Cody,Miller,47,Finance,78879
3995,Kyle,Rogers,25,Sales,97843
3996,Bella,Williams,32,Marketing,82864
3997,Vera,Bell,50,Engineering,98945
3998,Liam,Phillips,37,Sales,78558
3999,Zoe,Miller,44,HR,82240
4000,Ian,Cook,38,Engineering,110513
4001,Rita,Walker,34,Sales,93204
4002,Eva,Brown,51,Marketing,70339
4003,Ivy,Williams,34,HR,91722
4004,Cara,Reed,58,Marketing,115250
4005,Nina,Lee,52,Marketing,109470
4006,Vera,Thomas,42,HR,70116
4007,Uma,Cooper,37,Sales,104201
4008,Kyle,King,45,Engineering,85959
4009,Alice,Morris,45,Finance,99703
4010,Ivy,Richardson,35,Sales,96768
4011,Liam,Martinez,29,Sales,117326
4012,Ben,Brown,60,HR,97656
4013,Nate,Richardson,27,HR,103115
4014,Finn,Moore,31,Marketing,82078
4015,Adam,Mitchell,32,Sales,110254
4016,Ian,Taylor,56,Engineering,71752
4017,Yuri,Richardson,38,Marketing,117718
4018,Wendy,Evans,52,Sales,66532
4019,Omar,Cook,45,Marketing,71637
4020,Frank,Bell,52,Finance,92066
4021,Liz,Stewart,49,Sales,109526
4022,Ian,Harris,57,Engineering,113592
4023,Alice,Roberts,42,HR,102028
4024,Xander,Thompson,36,Engineering,91803
4025,Ian,Bell,52,Sales,97183
4026,Hank,Miller,51,Finance,87054
4027,Dean,Evans,48,Marketing,111793
4028,Hugo,Roberts,35,Finance,116609
4029,Liam,Thomas,27,Sales,109154
4030,Alice,Scott,30,HR,87749
4031,Xander,Edwards,47,Finance,112527
4032,Kate,Adams,37,HR,119594
4033,Frank,Clark,31,Engineering,61012
4034,Ted,Bell,32,Finance,62339
4035,Zane,Hernandez,22,Engineering,83182
4036,Vin,Campbell,32,Engineering,98018
4037,Vera,Walker,31,Engineering,89132
4038,Bella,Martin,60,Sales,119487
4039,Max,Cooper,36,Finance,60504
4040,Hope,Harris,30,HR,88200
4041,Finn,Edwards,53,HR,82892
4042,Iris,Cooper,58,Engineering,74227
4043,Max,Garcia,28,Marketing,107874
4044,Eva,Richardson,56,HR,101418
4045,Iris,Baker,50,Sales,80992
4046,Liz,Nelson,31,HR,79481
4047,Cara,Garcia,44,HR,83963
4048,Vin,Edwards,30,Marketing,81181
4049,Sam,Anderson,47,HR,68103
4050,Will,Scott,50,HR,62917
4051,Usha,Parker,52,Engineering,89359
4052,Gina,Clark,52,Sales,110892
4053,Jack,Moore,24,HR,109099
4054,Ivy,Garcia,58,Sales,83645
4055,Eva,Bailey,29,Marketing,74831
4056,Wendy,Martinez,42,Sales,112520
4057,Jill,Hernandez,44,Finance,80818
4058,Mona,Martinez,31,HR,102571
4059,Kate,Lee,47,Marketing,81456
4060,Zane,Rogers,29,Engineering,92060
4061,Kate,Clark,27,Engineering,84081
4062,Uma,Hernandez,47,Marketing,63658
4063,Ben,Hernandez,38,Finance,62899
4064,Cody,Garcia,30,Marketing,75702
4065,Xander,Reed,52,Engineering,103245
4066,Adam,Turner,23,Marketing,87314
4067,Omar,Cooper,47,Finance,91592
4068,Kyle,Rivera,35,Sales,62281
4069,Omar,Jackson,48,Sales,73652
4070,Vin,White,55,Marketing,83005
4071,Iris,Stewart,54,Sales,73380
4072,Cody,Garcia,51,Engineering,63462
4073,Mona,Taylor,44,Finance,62313
4074,Paul,Murphy,50,Engineering,72735
4075,Wendy,Stewart,39,Sales,94028
4076,Will,Martinez,59,Finance,99631
4077,Iris,Turner,27,HR,62674
4078,Dean,Reed,51,Engineering,107209
4079,Ted,Martin,32,Sales,98042
4080,Jack,Cook,28,Sales,73236
4081,Ivy,Williams,44,Engineering,78983
4082,Rita,Scott,34,Marketing,113121
4083,Eli,Turner,57,Engineering,109537
4084,Xander,Perez,31,Finance,116611
4085,Alice,Adams,36,Sales,72057
4086,Abby,Morgan,57,Sales,97010
4087,Yara,Morris,30,Marketing,99218
4088,Vera,Wright,23,Marketing,79872
4089,Olivia,Thompson,55,Marketing,89872
4090,Nate,Baker,45,HR,110403
4091,Ted,Cook,44,Engineering,74599
4092,Ben,Rivera,34,Sales,108665
4093,Tina,Turner,24,HR,69967
4094,Pam,Cooper,51,HR,100939
4095,Gina,Parker,41,Finance,114398
4096,Cara,Collins,40,Engineering,67230
4097,Ben,Nelson,59,Marketing,118600
4098,Hank,Bailey,22,HR,119001
4099,Mona,Williams,51,Marketing,95705
4100,Gary,Adams,33,Marketing,111569
4101,Tina,White,58,Marketing,105464
4102,Liz,Hall,51,HR,84817
4103,Paul,Moore,40,HR,79601
4104,Max,Evans,27,HR,70159
4105,Faye,Lopez,23,HR,70576
4106,Grace,Jones,49,Engineering,101936
4107,Gary,Morris,24,Sales,79127
4108,Kyle,Morris,39,Finance,79298
4109,Quinn,Clark,51,Finance,102913
4110,Jill,Martinez,33,Marketing,95208
4111,Xander,Hernandez,28,Marketing,110294
4112,Finn,Martinez,39,HR,106933
4113,Olivia,Cooper,23,Sales,72037
4114,Bob,Morris,43,Sales,94054
4115,Yara,Martin,29,Finance,82037
4116,Elle,Scott,29,Marketing,99694
4117,Hope,Richardson,24,Finance,89211
4118,Jill,Rogers,38,Marketing,64838
4119,Olivia,Jackson,29,HR,74593
4120,Quinn,Edwards,56,Finance,102163
4121,Kyle,Clark,35,Finance,98656
4122,Eli,Thomas,36,Engineering,111882
4123,Yuri,Morgan,46,HR,77114
4124,Tina,Martinez,42,Marketing,104612
4125,Dean,Harris,54,Engineering,101129
4126,Tina,Carter,60,Finance,79027
4127,Hugo,Mitchell,29,Engineering,119304
4128,Faye,Moore,54,Finance,106935
4129,Xena,Morris,40,Finance,80992
4130,Ted,White,37,HR,74030
4131,Zoe,Nelson,38,Sales,114636
4132,Max,Scott,23,Finance,113172
4133,Jill,Lee,54,Engineering,84283
4134,Ted,Evans,35,Sales,86987
4135,Xena,Adams,59,Finance,78000
4136,Omar,Sanchez,26,Marketing,95983
4137,Vera,Richardson,60,Engineering,116401
4138,Gina,Martinez,27,Sales,99027
4139,David,Morris,27,Engineering,99893
4140,Sue,Harris,54,Sales,79318
4141,Ted,Evans,50,Marketing,106426
4142,Eva,Baker,52,Finance,86590
4143,Jill,Morris,38,HR,68298
4144,Gina,Campbell,24,Marketing,85420
4145,Elle,Baker,43,Finance,110743
4146,Jill,Nelson,49,Sales,90061
4147,Cody,Mitchell,53,Sales,117943
4148,Dean,Taylor,44,Engineering,87967
4149,Grace,Baker,24,Marketing,102536
4150,Zane,Bailey,22,Marketing,97865
4151,Cara,Lopez,52,HR,113299
4152,Alice,Martinez,51,HR,116060
4153,Ivy,Scott,38,Sales,117714
4154,Finn,Moore,31,Engineering,87194
4155,Gina,Clark,33,Engineering,90766
4156,Gary,Morgan,33,Marketing,103421
4157,Abby,Walker,31,HR,61590
4158,Hope,Cook,41,HR,103840
4159,Abby,Jones,39,Sales,107033
4160,Pam,Martinez,46,Finance,78781
4161,Hank,Anderson,41,HR,114909
4162,Dean,Young,52,HR,60161
4163,Dina,Wilson,35,Marketing,75246
4164,Hugo,Stewart,27,Finance,75366
4165,Kate,Lewis,51,Marketing,92574
4166,Mona,Parker,56,Marketing,75766
4167,Bob,Cook,53,Engineering,105423
4168,Charlie,Nelson,47,Finance,65106
4169,Iris,Morris,59,HR,100317
4170,Will,Smith,45,Marketing,118086
4171,Elle,Allen,48,Engineering,108696
4172,Pam,Reed,41,Sales,79387
4173,Sue,Williams,56,Marketing,80040
4174,Wendy,Morris,53,Engineering,65899
4175,Iris,Reed,43,Finance,75920
4176,Zoe,Roberts,32,Marketing,119225
4177,Ben,King,33,Engineering,116720
4178,Adam,Bailey,58,Finance,62185
4179,Hugo,Allen,50,Marketing,72473
4180,Ray,Taylor,41,Finance,115906
4181,Ian,Phillips,44,Engineering,117685
4182,Kate,Smith,31,Marketing,81330
4183,Ted,Jackson,32,Finance,96120
4184,Alice,Cook,60,Engineering,96804
4185,Will,Harris,26,Engineering,101505
4186,Ian,Williams,52,Finance,85786
4187,Wendy,Davis,41,Sales,102096
4188,Wendy,Carter,50,HR,107331
4189,Rita,Cook,50,HR,84922
4190,Hope,Morgan,56,Marketing,102235
4191,Hope,Martin,59,Engineering,66628
4192,Dean,Evans,57,HR,71620
4193,Faye,Hall,24,Engineering,72129
4194,David,Bell,35,Engineering,96556
4195,Uma,Richardson,22,Sales,76358
4196,Adam,Allen,27,Engineering,98029
4197,Paul,Carter,48,Marketing,68676
4198,Yara,Thomas,50,Engineering,86266
4199,Jack,Perez,23,HR,105435
4200,Uma,Sanchez,43,Finance,115211
4201,Paul,Walker,45,Sales,107863
4202,Bella,Roberts,60,HR,100227
4203,Kate,Allen,40,Engineering,97335
4204,Tina,Lopez,32,HR,60125
4205,Ian,Garcia,51,Engineering,95915
4206,Gary,Johnson,36,Sales,114641
4207,Max,Evans,55,Finance,113533
4208,Liam,Bell,37,Engineering,81625
4209,Iris,Bailey,43,Marketing,64740
4210,Finn,Allen,40,Engineering,91281
4211,Nina,Martinez,41,Marketing,71496
4212,Vin,Turner,54,Marketing,66234
4213,Zoe,Harris,36,Finance,77141
4214,Cara,Garcia,50,Finance,89031
4215,Charlie,Cooper,49,Engineering,72384
4216,Bella,Smith,25,Engineering,65525
4217,Elle,Murphy,48,Sales,65945
4218,Cara,King,42,Finance,101474
4219,Mona,Garcia,31,HR,87717
4220,Sue,Thompson,28,Finance,114304
4221,Sam,Hernandez,37,Sales,96986
4222,Yara,Harris,57,Finance,91326
4223,Bella,Taylor,54,HR,99635
4224,Liam,Turner,50,Sales,75590
4225,Xena,Johnson,22,Engineering,91045
4226,Pam,Wilson,52,Marketing,102334
4227,Quinn,Miller,47,Sales,96784
4228,Max,Carter,43,Engineering,67506
4229,Nina,Phillips,23,Sales,73413
4230,Rita,Lee,57,Finance,94492
4231,Gina,Wilson,55,Engineering,94616
4232,Dean,Martinez,47,Marketing,60860
4233,Sue,Taylor,51,Marketing,111586
4234,Ted,Martin,58,Sales,67608
4235,Olivia,Bailey,29,Engineering,115861
4236,Xander,Young,39,Marketing,94513
4237,Cara,Rogers,27,HR,98348
4238,Ivy,Cook,36,Finance,77992
4239,Pam,Lee,34,Finance,102227
4240,Kate,Anderson,38,Marketing,75867
4241,Finn,Lee,56,Marketing,76684
4242,Kate,Cook,55,Sales,108492
4243,Yuri,Mitchell,31,Sales,116550
4244,Ivy,Roberts,50,Finance,104014
4245,Uma,Taylor,55,Marketing,109685
4246,Alice,Baker,28,Sales,61990
4247,Sam,Jackson,47,Finance,107565
4248,Xena,Miller,50,Sales,78627
4249,Eli,Adams,45,Engineering,85879
4250,Wendy,Wilson,30,Engineering,112971
4251,Iris,Moore,30,HR,99842
4252,Dina,Cooper,34,HR,73088
4253,Wendy,Sanchez,58,Finance,91617
4254,Vin,Martinez,30,Engineering,116745
4255,Abby,King,39,HR,115557
4256,Cara,Parker,60,HR,60423
4257,Bella,Richardson,52,Engineering,62585
4258,Ray,Brown,38,Engineering,95606
4259,Abby,Jackson,46,Finance,75010
4260,Eli,Mitchell,43,Finance,85943
4261,Ivy,Moore,27,Sales,107178
4262,Max,Davis,48,Engineering,112094
4263,Eva,Thomas,57,Finance,106971
4264,Ivy,Bell,42,HR,113603
4265,Frank,White,52,Sales,68889
4266,Olivia,Cooper,53,Finance,65111
4267,Grace,Collins,23,HR,84299
4268,Yuri,Martin,26,HR,111447
4269,Iris,Richardson,33,HR,86207
4270,Gina,Johnson,47,Engineering,66455
4271,Jill,Nelson,55,HR,113135
4272,Faye,Smith,32,Finance,73964
4273,Ivy,Morgan,35,Marketing,101217
4274,Ted,Martinez,55,Marketing,104562
4275,Charlie,Morgan,54,Engineering,80209
4276,Cara,Murphy,50,Marketing,61778
4277,Olivia,Bailey,52,Engineering,63774
4278,Grace,Jackson,47,Marketing,101399
4279,Nate,Cooper,35,Finance,73757
4280,Dean,Bell,29,Engineering,87225
4281,Ted,Garcia,31,Sales,91120
4282,Kate,Evans,34,Finance,119153
4283,Liam,Martinez,22,HR,108640
4284,Sam,Mitchell,41,HR,77993
4285,Paul,Moore,45,Engineering,69557
4286,Ted,Stewart,42,Engineering,93168
4287,Vin,Collins,36,Finance,100216
4288,Bob,Wright,42,Engineering,62669
4289,Xena,Turner,33,Sales,69328
4290,Bella,Garcia,32,HR,116522
4291,Elle,Lewis,30,Engineering,119857
4292,Sue,Carter,42,Engineering,100824
4293,Finn,Mitchell,58,Finance,88933
4294,Dina,Lewis,27,HR,67930
4295,Omar,Richardson,59,Engineering,68824
4296,Olivia,Rogers,40,Sales,69259
4297,Ray,Walker,50,Engineering,107119
4298,Faye,Jones,43,Engineering,77068
4299,Eli,Roberts,53,HR,83501
4300,Jill,Taylor,50,Finance,90992
4301,Hope,Morris,47,Finance,96254
4302,Hank,Reed,48,HR,89721
4303,Abby,Harris,26,Engineering,96600
4304,Dean,Jones,60,HR,89843
4305,Hugo,Rogers,22,Finance,62201
4306,Bob,Collins,39,Engineering,103756
4307,Abby,Turner,57,Sales,81106
4308,Jill,Davis,60,Finance,115590
4309,Ivy,Thompson,35,Sales,100705
4310,Eli,Cook,37,Finance,73810
4311,Rita,Walker,49,HR,87161
4312,Ben,King,33,Sales,80245
4313,Uma,Taylor,37,Sales,93230
4314,Dean,Roberts,33,Engineering,87430
4315,Sam,Turner,51,HR,119960
4316,Tina,Harris,53,Sales,103725
4317,Jack,Jackson,27,Engineering,76418
4318,Pam,Jones,45,HR,112160
4319,Cody,Cooper,24,Engineering,110531
4320,Max,Harris,46,HR,80595
4321,Finn,Miller,27,Sales,88715
4322,Uma,Brown,42,Marketing,72684
4323,Wendy,Scott,46,Marketing,61636
4324,Sam,Martinez,33,Engineering,115616
4325,Cara,Davis,58,HR,107438
4326,Xander,Evans,51,HR,109292
4327,Kate,Jackson,23,Finance,61384
4328,Nate,Cook,25,Engineering,93858
4329,Hank,Martinez,33,Marketing,116168
4330,Omar,Edwards,40,Sales,108914
4331,Usha,Bailey,35,Engineering,106524
4332,Elle,Edwards,40,Marketing,109226
4333,Max,Morris,59,Sales,95860
4334,Liz,Anderson,33,Engineering,62953
4335,Kyle,Jackson,58,Marketing,66995
4336,Gina,Parker,42,Sales,116055
4337,Wendy,Davis,57,Engineering,98827
4338,Adam,Martinez,34,Finance,64189
4339,Tina,Martinez,43,HR,74530
4340,Iris,Lopez,56,HR,84469
4341,Ian,Martinez,44,HR,88399
4342,Iris,Williams,51,Engineering,83808
4343,Kyle,Rivera,52,HR,73620
4344,Will,Harris,39,Finance,81743
4345,Zoe,Wilson,25,HR,86110
4346,Xander,Scott,24,Finance,67976
4347,Pam,Lewis,31,Sales,82507
4348,Xander,Martinez,52,Engineering,88949
4349,Yuri,Baker,28,Finance,65266
4350,Usha,Cook,44,Sales,87908
4351,David,Roberts,34,Marketing,69590
4352,Tina,Cooper,54,Engineering,96763
4353,Faye,Campbell,41,Marketing,107612
4354,Xander,Adams,39,Finance,100261
4355,Hope,Mitchell,41,Finance,65211
4356,Sue,Martinez,31,Finance,113553
4357,Max,Taylor,59,Engineering,64734
4358,Xander,Martinez,39,Sales,101472
4359,Frank,Parker,57,Engineering,93563
4360,Sue,Thompson,60,Finance,97283
4361,Faye,Moore,54,HR,64191
4362,Kate,Lopez,59,HR,94261
4363,Finn,Baker,33,Finance,94247
4364,Rita,Lee,56,Marketing,71473
4365,Tina,Jackson,28,Marketing,78354
4366,Gary,Turner,29,Sales,65289
4367,Ian,Miller,38,HR,89273
4368,Hope,Garcia,49,HR,71483
4369,Ivy,Garcia,23,HR,106251
4370,Elle,Hernandez,60,Sales,97436
4371,Nate,Carter,57,Marketing,87304
4372,Gina,Allen,44,HR,75618
4373,Hugo,Hernandez,39,Sales,82242
4374,Cara,Evans,23,Sales,74665
4375,Hope,Young,43,Engineering,91566
4376,Vin,Rogers,38,Finance,72479
4377,Ben,Moore,41,HR,74920
4378,Kate,Wilson,42,Finance,104023
4379,Pam,Garcia,24,Engineering,104258
4380,Omar,Parker,22,Sales,100578
4381,Dina,Mitchell,40,Marketing,74754
4382,Zoe,Mitchell,38,HR,97818
4383,Eli,Wilson,28,Sales,67148
4384,Nate,Sanchez,30,HR,63967
4385,Iris,Taylor,33,Marketing,112564
4386,Hank,Edwards,59,Sales,82990
4387,Tina,Sanchez,58,HR,60814
4388,Faye,Bell,22,Marketing,73992
4389,Sam,Wilson,45,Marketing,80628
4390,Yara,Miller,52,Marketing,90239
4391,Eli,Martinez,60,Engineering,119443
4392,Eli,Cooper,26,HR,76116
4393,Alice,Brown,53,Finance,108494
4394,Zoe,Miller,30,Engineering,108138
4395,Cody,Garcia,35,HR,110295
4396,Yuri,Moore,60,HR,61521
4397,Bella,Martin,48,Engineering,98006
4398,Faye,Campbell,34,HR,115404
4399,Yuri,Brown,32,HR,74268
4400,Ian,Roberts,41,Engineering,92879
4401,Bob,Thompson,46,Finance,82800
4402,Yara,Collins,27,Marketing,82021
4403,Kyle,Adams,46,Finance,68366
4404,Iris,Scott,22,Finance,108202
4405,Faye,Clark,29,HR,94040
4406,Bella,Mitchell,25,Engineering,93758
4407,Adam,Bailey,31,Engineering,62110
4408,Gary,Bell,24,Finance,114821
4409,Abby,Miller,50,Finance,67667
4410,Tina,Green,41,Marketing,104564
4411,Usha,Green,59,Finance,107450
4412,Grace,Parker,33,Sales,91360
4413,Hugo,Evans,34,Marketing,114662
4414,Liz,Lewis,44,Marketing,66729
4415,Frank,Smith,32,HR,61724
4416,Ted,Williams,45,Finance,97428
4417,Dean,Harris,31,Marketing,85939
4418,Quinn,Jackson,40,HR,70786
4419,Hope,Hall,27,HR,78274
4420,Ian,Young,31,Marketing,108723
4421,Bella,Williams,31,Marketing,73880
4422,Bob,Lee,44,Engineering,111114
4423,Bob,Edwards,26,Marketing,104424
4424,Liam,Rogers,38,Sales,83251
4425,Tina,Sanchez,30,Engineering,74274
4426,Bella,Adams,59,Sales,110045
4427,Charlie,Williams,22,Finance,113194
4428,Omar,Roberts,51,Sales,72594
4429,Alice,Richardson,54,Marketing,70574
4430,Adam,Turner,39,Finance,74090
4431,Sue,Moore,26,Finance,113209
4432,Omar,Cooper,28,HR,98037
4433,Zane,Cooper,46,Finance,110949
4434,Mona,Edwards,56,Marketing,64092
4435,Eva,Young,45,Finance,106402
4436,Finn,White,39,Sales,100157
4437,Kate,Davis,28,Sales,114748
4438,Ray,Lewis,27,Sales,94163
4439,Vera,Rivera,47,Sales,101036
4440,Ivy,Reed,47,HR,92583
4441,Kyle,Baker,56,Finance,107277
4442,Hugo,Nelson,22,Sales,88422
4443,Hank,Mitchell,27,HR,60749
4444,Omar,Smith,39,Sales,83386
4445,Kate,Evans,49,Sales,110205
4446,Uma,Thomas,24,Sales,65152
4447,Dina,Smith,59,Finance,93489
4448,Usha,Roberts,49,Engineering,70240
4449,Tina,Scott,53,Sales,86645
4450,Bella,Adams,43,HR,80327
4451,Eva,Rogers,59,Engineering,92764
4452,Cara,Collins,22,Engineering,75083
4453,Ted,Miller,29,Finance,65692
4454,Nate,Lewis,54,Marketing,73497
4455,Frank,Hernandez,54,Engineering,75079
4456,Bob,Collins,25,Engineering,114314
4457,Eli,Rivera,24,Finance,118143
4458,Hugo,Wilson,43,HR,103949
4459,Vin,Hall,44,Finance,115931
4460,Eva,Carter,42,HR,86525
4461,Iris,Cook,55,Sales,100728
4462,Gary,Lopez,45,HR,111245
4463,Eva,Bell,58,HR,95792
4464,Dean,Baker,47,Engineering,79841
4465,Cody,Morris,32,Finance,109961
4466,Nate,Jackson,36,HR,88372
4467,Bob,Walker,47,Finance,100658
4468,Kate,Williams,57,Engineering,117673
4469,Dean,Anderson,34,Sales,68670
4470,Tina,Lewis,47,Finance,80046
4471,Kyle,Scott,24,Engineering,103354
4472,Ben,Lee,58,HR,104861
4473,Bella,Martinez,38,HR,118249
4474,Quinn,Phillips,24,Sales,100534
4475,Grace,Nelson,55,HR,61495
4476,Xena,Martinez,52,Finance,82090
4477,Sam,Brown,54,Finance,89350
4478,Rita,Green,23,Finance,78752
4479,Olivia,Sanchez,45,HR,74083
4480,Dean,Parker,55,Sales,71858
4481,Finn,Roberts,54,Finance,60015
4482,Faye,Lee,31,Sales,85754
4483,Eva,Smith,27,Sales,115595
4484,Gina,Adams,31,Finance,112293
4485,Quinn,Allen,34,Sales,116737
4486,Sam,Phillips,26,Engineering,104013
4487,Ted,Morgan,27,Marketing,69288
4488,Sam,Garcia,32,Marketing,103240
4489,Yara,Carter,28,Sales,110684
4490,Kate,Parker,38,Marketing,65023
4491,Pam,Hall,29,Marketing,103650
4492,Zane,Edwards,37,HR,73587
4493,Liam,Wilson,25,Marketing,101295
4494,Xander,Davis,24,Engineering,65402
4495,Eli,Harris,24,Sales,61033
4496,Elle,Edwards,26,HR,119919
4497,Finn,Martin,42,HR,81217
4498,Bella,Martin,42,Marketing,106057
4499,Zane,Young,34,Marketing,117048
4500,Dina,Davis,55,Engineering,115795
4501,Xander,Martin,60,Marketing,75818
4502,Liam,Perez,32,Sales,112404
4503,Omar,Phillips,50,HR,111467
4504,Vera,Rogers,56,Finance,83760
4505,Gary,Lewis,47,Engineering,98658
4506,Sam,Morgan,39,Marketing,87983
4507,Rita,Wilson,39,Engineering,115256
4508,Nina,Thomas,57,Sales,100091
4509,Jill,Roberts,30,Marketing,88818
4510,Tina,Phillips,53,HR,108971
4511,Mona,Wilson,59,Sales,60783
4512,Will,Walker,24,HR,104583
4513,Bob,Hall,56,Finance,70678
4514,Xander,Hernandez,33,Finance,100001
4515,Yuri,Walker,28,Engineering,92558
4516,Zane,Nelson,57,Engineering,108412
4517,Nate,Reed,53,Marketing,75534
4518,Zoe,Hernandez,56,Engineering,108539
4519,Jill,Thompson,30,Sales,112060
4520,Finn,Rivera,24,HR,117436
4521,Hope,Lewis,52,Engineering,110702
4522,Bella,Nelson,48,Marketing,111310
4523,Charlie,Taylor,58,Engineering,70704
4524,Quinn,Clark,35,Finance,111959
4525,Quinn,Reed,53,HR,88888
4526,Xena,Garcia,39,Sales,78079
4527,Gary,Garcia,47,HR,80073
4528,Vera,Bailey,57,HR,63133
4529,Tina,Williams,33,Engineering,111349
4530,Jill,Garcia,28,HR,94150
4531,Zane,Green,31,Engineering,119637
4532,Gina,Cooper,41,Finance,82936
4533,Hope,Thompson,37,HR,92680
4534,Usha,Richardson,47,Sales,117337
4535,Hank,Phillips,42,Finance,63737
4536,Uma,Mitchell,53,Engineering,117772
4537,Hank,Garcia,28,Engineering,93042
4538,Abby,Wright,25,Engineering,97722
4539,Ted,Wilson,29,Sales,96190
4540,Will,Adams,45,HR,78546
4541,Vera,Collins,27,Marketing,69053
4542,Ben,Thompson,51,Finance,108037
4543,Ian,Lopez,53,Sales,114336
4544,Zane,Lewis,48,HR,74186
4545,Zane,Evans,52,Sales,77244
4546,Ben,Martinez,56,HR,69050
4547,Gary,Mitchell,27,HR,119916
4548,Ted,Stewart,48,Sales,74372
4549,Liz,Hernandez,53,Marketing,106388
4550,David,Hernandez,39,Sales,76075
4551,Ray,Rivera,51,Marketing,82362
4552,Abby,Thomas,58,Finance,69493
4553,Charlie,Garcia,30,HR,99046
4554,Ian,Lee,44,HR,87828
4555,Dean,Lopez,53,Engineering,75065
4556,Zane,Morris,36,Finance,115512
4557,Yara,Allen,44,Finance,76841
4558,Mona,Hall,51,Marketing,63953
4559,Iris,Green,33,Engineering,65987
4560,Zane,Phillips,48,Finance,118920
4561,Pam,Nelson,52,Sales,103526
4562,Jill,Smith,22,HR,105484
4563,Vera,Garcia,50,Engineering,95616
4564,Rita,Campbell,54,Sales,115032
4565,Eli,Parker,40,Sales,74246
4566,Hope,Morris,60,Engineering,106226
4567,Hank,Phillips,30,HR,65668
4568,Nina,Lewis,53,Finance,90886
4569,Paul,Parker,36,Finance,90905
4570,Pam,Campbell,27,Engineering,109833
4571,Bob,Evans,50,Finance,69587
4572,Liz,Harris,60,Finance,109361
4573,Vin,Perez,57,Marketing,70075
4574,Olivia,King,60,HR,103538
4575,Cara,Williams,39,Engineering,77596
4576,Vera,Baker,34,HR,91600
4577,Xander,Parker,44,Finance,99659
4578,Frank,Davis,41,Finance,98756
4579,Pam,Miller,44,HR,78825
4580,Vera,Rivera,35,Marketing,75564
4581,Tina,Taylor,48,HR,101493
4582,Frank,Bell,24,Marketing,68142
4583,Omar,Martinez,37,Sales,101135
4584,Sue,Jackson,54,Sales,114077
4585,Will,Edwards,38,Finance,70281
4586,Kyle,Wilson,53,Sales,90569
4587,Charlie,Murphy,27,Engineering,105202
4588,Charlie,Harris,55,HR,92188
4589,Will,Smith,47,HR,91082
4590,Pam,Baker,46,HR,118068
4591,Omar,Thompson,49,Marketing,69109
4592,Ted,Reed,37,Sales,65528
4593,Uma,Jackson,45,Marketing,84905
4594,Elle,Evans,34,Engineering,100800
4595,Uma,Bailey,40,Engineering,80715
4596,Nate,Clark,29,Marketing,105820
4597,Dean,Nelson,32,HR,106028
4598,Yara,Smith,22,Finance,103964
4599,Ivy,Collins,35,HR,74148
4600,Ray,Sanchez,44,Finance,68154
4601,Cara,Moore,52,HR,65895
4602,Xena,Lewis,31,Sales,64838
4603,Xander,Taylor,52,Engineering,104404
4604,Sam,Nelson,26,Marketing,93934
4605,Ray,Morgan,34,Finance,92527
4606,Hank,Young,30,HR,97921
4607,Vera,Anderson,28,Sales,107099
4608,Grace,Scott,22,Sales,95470
4609,Zoe,Young,32,Engineering,71704
4610,Sam,Campbell,56,Marketing,69374
4611,Tina,Mitchell,55,Finance,77824
4612,Mona,Davis,22,Finance,62459
4613,Elle,Johnson,52,HR,68719
4614,Adam,Martinez,40,Engineering,115786
4615,Yara,Davis,47,Marketing,107204
4616,Zoe,Brown,32,Engineering,113096
4617,Abby,Jones,24,Marketing,101900
4618,David,Murphy,22,Finance,110246
4619,Vera,Garcia,51,HR,95144
4620,Iris,Scott,24,Finance,94110
4621,Max,Wright,46,Marketing,119538
4622,Iris,Brown,34,HR,74561
4623,Kyle,Jackson,31,Finance,109275
4624,Ian,Hall,40,Sales,102925
4625,Ivy,Hernandez,54,Sales,72645
4626,Tina,White,25,HR,103507
4627,Faye,Morris,50,Engineering,104656
4628,Omar,Thomas,42,Engineering,103609
4629,Dean,Stewart,23,Sales,66196
4630,Eva,Carter,26,Sales,64510
4631,Paul,Hernandez,50,Marketing,108987
4632,Gary,Mitchell,23,Finance,81446
4633,Rita,Rivera,27,HR,104590
4634,Charlie,Hernandez,41,Finance,84995
4635,Bella,Williams,22,Sales,84663
4636,Adam,Young,58,Sales,82041
4637,Bella,Wilson,44,Engineering,92265
4638,Charlie,Thomas,47,HR,97920
4639,Liam,Mitchell,29,Finance,110748
4640,Liz,Perez,32,Engineering,107629
4641,Max,Green,51,Marketing,108362
4642,Hugo,Cook,35,Finance,103879
4643,Will,Adams,42,Sales,105564
4644,Bob,Wright,54,Engineering,112578
4645,Adam,Edwards,44,Finance,78417
4646,Dina,King,38,Finance,82693
4647,David,Davis,52,Engineering,68881
4648,Ray,Stewart,57,Marketing,109223
4649,Adam,Smith,44,HR,93161
4650,Pam,Martinez,39,HR,77979
4651,Mona,Moore,38,Engineering,77598
4652,Usha,Cook,44,HR,80806
4653,Liam,Parker,48,HR,119513
4654,Eva,Morgan,54,Engineering,96708
4655,Omar,Richardson,60,Engineering,99185
4656,Kyle,Anderson,33,HR,90368
4657,Kyle,Martinez,60,HR,88712
4658,Zoe,Thompson,57,HR,76577
4659,Sam,Johnson,55,Finance,85816
4660,Max,Evans,60,HR,117365
4661,Charlie,Wilson,52,Engineering,72414
4662,Sue,Cooper,26,Marketing,89478
4663,Frank,Martin,60,Marketing,61197
4664,Eva,Miller,42,HR,104364
4665,Mona,Moore,58,Engineering,105174
4666,Nina,Taylor,25,Sales,107803
4667,Ivy,Rogers,27,Marketing,98007
4668,Usha,Perez,41,HR,68635
4669,Yuri,Sanchez,47,Marketing,81219
4670,Zoe,Rogers,32,HR,86407
4671,Nate,Williams,53,Engineering,107815
4672,Usha,Murphy,43,HR,105835
4673,Vera,Morris,50,Finance,107777
4674,Xander,Allen,59,Finance,71398
4675,Zane,Young,33,Finance,75422
4676,Eva,Lewis,40,Finance,75567
4677,Ivy,Young,22,Sales,94636
4678,Pam,Bell,48,Finance,116084
4679,Nate,Brown,52,Engineering,113823
4680,Will,Hall,29,Marketing,109613
4681,Paul,Morris,55,Marketing,104288
4682,Xena,Martinez,55,Finance,70396
4683,Sam,Lopez,26,HR,64356
4684,Ian,Hernandez,59,Finance,95345
4685,Ivy,Hernandez,44,Marketing,61046
4686,Sam,Thompson,46,Sales,87701
4687,Pam,Thomas,40,Finance,91643
4688,David,Brown,39,Sales,83987
4689,Pam,Rivera,23,Engineering,80666
4690,Zoe,Morgan,31,Marketing,104815
4691,Mona,Anderson,44,Marketing,110814
4692,Hugo,Mitchell,46,Finance,62617
4693,Cody,Edwards,39,HR,81477
4694,Jill,Wilson,50,Sales,64296
4695,Pam,White,23,Engineering,118526
4696,Finn,Sanchez,56,Engineering,81117
4697,Ted,Walker,38,Engineering,110865
4698,Ray,Walker,44,Sales,99931
4699,Tina,Morris,26,Engineering,67186
4700,Liam,Perez,58,Marketing,104377
4701,Zane,Mitchell,32,Finance,60545
4702,Usha,Phillips,26,Finance,105901
4703,Zoe,Cooper,52,HR,79317
4704,Abby,Williams,29,Engineering,72178
4705,Hank,Garcia,43,Engineering,69564
4706,Xena,Jones,36,HR,86720
4707,Hugo,Rivera,56,Marketing,67593
4708,Cody,Edwards,52,HR,72847
4709,Cody,King,52,Marketing,106034
4710,Eva,Murphy,39,Finance,105859
4711,Sue,Rivera,25,Sales,98075
4712,David,Rivera,33,Finance,70059
4713,Ben,Bell,42,Sales,83972
4714,Kate,Miller,60,Sales,83150
4715,Zoe,Evans,38,Marketing,113674
4716,Finn,White,22,Finance,83062
4717,Hope,Davis,51,Sales,88937
4718,Pam,Cooper,56,Sales,89045
4719,Gary,Walker,53,HR,114857
4720,Olivia,Scott,33,Engineering,98569
4721,Jill,Roberts,27,HR,104975
4722,Frank,Taylor,54,HR,77694
4723,Hugo,Mitchell,26,HR,105517
4724,Grace,Stewart,40,HR,108298
4725,Eli,Evans,35,Finance,99729
4726,Ben,Collins,31,Sales,93023
4727,Rita,Reed,58,Finance,112388
4728,Zoe,Roberts,56,Finance,111238
4729,Gina,Green,60,Finance,69389
4730,Hank,Davis,38,Finance,113017
4731,Faye,Bailey,35,Marketing,114693
4732,Alice,Edwards,51,Engineering,65071
4733,Hank,Phillips,53,Marketing,81371
4734,Alice,Clark,41,Marketing,103613
4735,Bella,Johnson,37,Marketing,118431
4736,Zoe,Johnson,46,Finance,70846
4737,Elle,Johnson,44,HR,86697
4738,Omar,Edwards,47,Engineering,82171
4739,Kate,Cook,35,Finance,117483
4740,Gary,Adams,27,Finance,63269
4741,Faye,Garcia,40,HR,107844
4742,Faye,Carter,48,HR,86206
4743,Xander,Jackson,52,Marketing,113946
4744,Yuri,Lopez,45,HR,60443
4745,Jack,Smith,46,Engineering,65959
4746,Liz,Moore,37,Engineering,86210
4747,Finn,Garcia,57,Marketing,62992
4748,Rita,Rogers,58,Finance,113111
4749,Jill,Allen,39,Engineering,103161
4750,David,Adams,54,Marketing,89565
4751,Ivy,Hall,56,Sales,99516
4752,Finn,Morris,32,Finance,63176
4753,Charlie,Lee,28,HR,80530
4754,Ben,Thomas,58,Engineering,117962
4755,Iris,Thompson,50,Engineering,96110
4756,Mona,Allen,30,Engineering,97516
4757,Xander,Williams,51,Finance,104603
4758,Yuri,Morgan,33,Sales,109545
4759,Zane,Wright,49,Finance,108550
4760,Jack,Morgan,36,Marketing,76435
4761,Yara,Campbell,27,HR,77421
4762,Sam,Evans,42,Finance,108369
4763,Paul,Green,49,Finance,60712
4764,Sam,Allen,35,Finance,90544
4765,Will,Clark,51,Finance,116853
4766,Zane,Williams,51,HR,72227
4767,Mona,Green,22,Finance,106977
4768,David,White,33,Finance,71628
4769,Vera,Carter,53,Marketing,60571
4770,Charlie,Rivera,37,Sales,99929
4771,Iris,Jones,52,Finance,65952
4772,Hope,Rogers,52,Finance,95857
4773,Frank,Turner,57,Marketing,81070
4774,Iris,Lewis,57,Finance,89864
4775,Gina,Young,32,Sales,86277
4776,Yara,Mitchell,22,Finance,84365
4777,Elle,Morris,37,Engineering,71938
4778,Hope,Garcia,43,Marketing,114897
4779,Usha,Walker,28,Engineering,106761
4780,Eli,Carter,55,Sales,111486
4781,Jill,Rivera,25,HR,116567
4782,Olivia,Clark,46,HR,88971
4783,Eli,Moore,29,Engineering,66036
4784,Olivia,Collins,36,Sales,81749
4785,Nina,Turner,45,Sales,116640
4786,Bella,Moore,44,Marketing,91171
4787,Jack,Williams,27,Sales,69017
4788,Gina,Nelson,31,Engineering,94908
4789,Zane,Martin,50,Sales,87518
4790,Liz,Davis,33,Marketing,83288
4791,Omar,Turner,23,Engineering,75960
4792,Ivy,Anderson,47,Engineering,62008
4793,Hank,Johnson,53,Engineering,82678
4794,Liam,Mitchell,56,HR,106991
4795,Gary,Lewis,35,Finance,113379
4796,Kyle,Turner,36,Finance,85135
4797,Yara,Richardson,60,Sales,87964
4798,Iris,Lopez,57,Sales,110165
4799,Liam,Morgan,28,Marketing,71594
4800,Max,Anderson,60,Sales,83535
4801,Usha,Morgan,45,Finance,72305
4802,Jill,Wilson,30,Sales,71593
4803,Hank,Allen,56,Finance,97943
4804,Bob,Parker,38,Marketing,92997
4805,Usha,Adams,59,Engineering,117178
4806,Sam,Phillips,33,HR,80374
4807,Paul,Mitchell,43,Sales,116466
4808,Gary,Stewart,48,Finance,64653
4809,Cara,Bell,57,Engineering,92729
4810,Ben,Clark,25,Marketing,104821
4811,Yuri,Brown,53,Sales,63856
4812,Charlie,Scott,27,Marketing,74857
4813,Hope,Allen,36,Finance,71526
4814,Jack,Adams,44,Engineering,73807
4815,Ian,White,27,Finance,83238
4816,Uma,Wilson,49,Engineering,105934
4817,Faye,Miller,58,Engineering,69134
4818,Xander,Davis,31,Marketing,78711
4819,Rita,Green,45,Engineering,118732
4820,Omar,Jones,48,Marketing,111767
4821,Xena,Mitchell,27,Sales,69597
4822,Dina,Lee,47,Sales,119934
4823,Yuri,Martinez,25,Finance,93198
4824,Ben,Mitchell,46,Sales,70050
4825,Hugo,Allen,25,Finance,84965
4826,Bob,Roberts,57,HR,65895
4827,Hope,Garcia,48,Sales,61105
4828,Ted,Johnson,34,Marketing,116065
4829,Will,Lewis,59,Sales,109114
4830,Elle,Richardson,34,Marketing,90540
4831,Ray,Bailey,29,Engineering,82634
4832,Dina,Martin,29,Marketing,107133
4833,Bella,Richardson,42,Marketing,104859
4834,Cara,Parker,57,Finance,101660
4835,Quinn,Allen,29,HR,89380
4836,Ray,Perez,54,Marketing,106931
4837,Liz,Martin,28,Sales,72324
4838,Abby,Adams,23,HR,116391
4839,Nate,Campbell,34,Engineering,86179
4840,Jack,Young,41,Engineering,94057
4841,Kate,Stewart,56,HR,97363
4842,Charlie,Brown,37,Marketing,108279
4843,Dina,Wilson,57,Finance,92349
4844,Elle,Walker,24,HR,60018
4845,Uma,Bailey,37,Engineering,65462
4846,Ian,Morris,56,Finance,61376
4847,Mona,Cook,34,Finance,63358
4848,Ray,Lopez,28,HR,76441
4849,Kyle,Bell,58,Marketing,60297
4850,Wendy,Collins,49,Engineering,112072
4851,Quinn,Nelson,29,Finance,67145
4852,Uma,Hernandez,41,Marketing,82231
4853,Faye,Taylor,40,Marketing,69466
4854,Ted,Sanchez,22,Marketing,71546
4855,Wendy,Garcia,39,HR,79917
4856,Wendy,Wilson,55,Engineering,95153
4857,Kyle,Nelson,56,Sales,67468
4858,Adam,Carter,48,Marketing,60924
4859,Adam,Bell,49,Sales,78009
4860,Jill,Reed,47,Sales,77543
4861,Hank,Green,42,Sales,93337
4862,Hugo,Stewart,60,Engineering,81924
4863,Wendy,Lee,52,Engineering,62948
4864,Olivia,Thompson,28,HR,61095
4865,Nina,Green,22,Finance,97637
4866,Rita,Martinez,45,Sales,91135
4867,Max,Evans,32,Sales,90627
4868,Faye,Richardson,52,HR,71915
4869,Vera,Johnson,35,Marketing,118120
4870,Tina,Hall,57,Finance,67982
4871,Jack,Parker,44,Sales,112501
4872,Nate,Green,39,HR,97872
4873,Zane,Scott,40,Engineering,115255
4874,Wendy,Bailey,43,Sales,79865
4875,Elle,Roberts,51,Marketing,79878
4876,Paul,Murphy,52,Marketing,83209
4877,Abby,King,29,Sales,65137
4878,Ben,Walker,30,Marketing,77808
4879,Ian,Bell,24,Marketing,93389
4880,Xena,Collins,59,Marketing,64733
4881,Kate,Moore,38,HR,110465
4882,Gary,Morris,32,Finance,78636
4883,Vin,Anderson,47,Engineering,106325
4884,Xena,Moore,30,Finance,106454
4885,Liam,Cooper,52,Finance,72150
4886,Kate,Bell,51,Sales,107241
4887,Abby,Wilson,57,Sales,71549
4888,Eli,Rivera,35,Finance,114318
4889,David,Williams,50,Marketing,112855
4890,Zoe,Jones,60,Finance,93961
4891,Olivia,Phillips,51,HR,74002
4892,Grace,Nelson,23,Engineering,65648
4893,Pam,Wilson,28,Marketing,99686
4894,Nina,Walker,31,Sales,118810
4895,Uma,Martin,30,Finance,75520
4896,Sam,Anderson,48,HR,118676
4897,Yuri,Carter,28,Engineering,78583
4898,Will,Adams,35,HR,71275
4899,Ian,Clark,58,Finance,77910
4900,Charlie,Cooper,56,Engineering,68497
4901,Xander,Harris,56,Sales,74389
4902,Dina,Martinez,35,HR,86753
4903,Olivia,Lopez,51,HR,118274
4904,Jill,Lee,41,HR,62446
4905,Tina,Cook,48,Finance,106348
4906,Bob,Campbell,27,Finance,87761
4907,Olivia,Young,50,Sales,79687
4908,Dean,Richardson,23,Engineering,76078
4909,Ivy,Bailey,32,Sales,85327
4910,Jack,Evans,23,HR,99799
4911,Dean,Jones,52,Marketing,105181
4912,Dina,Edwards,26,HR,100631
4913,Eli,Murphy,28,Engineering,95307
4914,Hugo,Johnson,30,Engineering,116194
4915,Iris,Harris,58,Finance,71248
4916,Max,Wilson,33,Marketing,77464
4917,Zane,Stewart,58,HR,102814
4918,Max,Scott,31,Engineering,118278
4919,Ted,Morgan,22,Marketing,70665
4920,Nina,Williams,26,Finance,88475
4921,Ben,Miller,37,Finance,68222
4922,Yuri,Martinez,30,Sales,75221
4923,Will,Walker,50,Sales,108473
4924,Ivy,Martinez,42,Sales,94657
4925,Ben,Walker,43,HR,105167
4926,Dean,Mitchell,24,Marketing,113969
4927,Hope,Thomas,22,HR,97487
4928,Finn,Martin,46,Engineering,85334
4929,Eva,Perez,55,Finance,86914
4930,Hank,Young,50,Engineering,77862
4931,Elle,Campbell,36,HR,104009
4932,Dina,Walker,51,Finance,114529
4933,Charlie,Perez,43,Finance,115222
4934,Paul,Baker,52,Engineering,68571
4935,Hope,Hernandez,23,Finance,93493
4936,Quinn,Bailey,26,Engineering,79042
4937,Jill,Green,36,Sales,102679
4938,Iris,Cook,44,HR,73963
4939,Ivy,Reed,38,Marketing,64571
4940,Sam,Martinez,51,HR,70922
4941,Xena,Harris,28,Engineering,108799
4942,Vera,Collins,52,Engineering,94599
4943,Ivy,Evans,55,Finance,65726
4944,Iris,Jackson,45,Finance,81903
4945,Ivy,Morris,31,Engineering,64231
4946,Adam,Carter,55,HR,61106
4947,Iris,Hall,56,HR,89946
4948,Jack,Roberts,23,Sales,79307
4949,Elle,Baker,39,Finance,95407
4950,Hank,Allen,46,Marketing,97904
4951,Olivia,Bell,33,Finance,90722
4952,Alice,Johnson,49,Engineering,60610
4953,Liam,Turner,37,Engineering,93447
4954,Will,Jackson,25,Marketing,100581
4955,Alice,Martinez,28,Marketing,114878
4956,Gina,Carter,33,Finance,115770
4957,Bella,Stewart,45,Finance,76295
4958,Vin,Taylor,22,Engineering,96184
4959,Gina,Walker,57,Finance,66104
4960,Mona,Clark,44,Sales,113580
4961,Cody,Adams,28,Finance,112581
4962,Nina,Perez,38,Engineering,114781
4963,Frank,Martinez,46,Marketing,106895
4964,Hugo,Miller,26,Marketing,104247
4965,Will,Campbell,24,Engineering,88602
4966,Liz,Morris,23,Finance,69522
4967,Vin,Roberts,28,HR,111509
4968,Faye,Young,36,Sales,114764
4969,Usha,Taylor,24,Sales,86558
4970,Hope,Carter,45,Marketing,64707
4971,Vin,Cook,58,Engineering,100722
4972,Abby,Rogers,58,HR,107426
4973,Abby,Martinez,43,Finance,94019
4974,Wendy,Cook,51,Sales,110438
4975,Nina,Allen,55,Engineering,65675
4976,Gary,Miller,46,Engineering,87156
4977,Hank,Rivera,57,Engineering,107880
4978,Sue,Green,60,Finance,78487
4979,Pam,Brown,34,Finance,102534
4980,Ted,Young,47,HR,100438
4981,Abby,Reed,26,HR,70652
4982,Ted,Baker,37,Sales,85971
4983,Kyle,Carter,54,Finance,119797
4984,Finn,Richardson,38,Engineering,98914
4985,Elle,Wilson,45,Sales,81728
4986,Mona,Murphy,26,Engineering,102827
4987,Sue,Smith,47,Marketing,97731
4988,Ben,Hall,29,Sales,83868
4989,Hank,Hernandez,59,Marketing,72826
4990,Gina,Martin,53,Finance,101373
4991,Eva,Young,58,Marketing,89911
4992,Kyle,Walker,36,Sales,109399
4993,Ian,Bailey,44,Finance,64709
4994,Gary,Moore,36,Engineering,108217
4995,Eli,Thompson,45,Sales,63232
4996,Grace,Young,36,Marketing,106880
4997,Sam,Williams,53,Sales,117920
4998,Liam,Perez,60,Engineering,114892
4999,Hope,Stewart,25,Engineering,115959
5000,Abby,Perez,40,Engineering,117051
